District_Number,District,Math_00_Total,Math_01_Unscored,Math_02_Unsat,Math_03_Partially_Proficient,Math_04_Proficient,Math_05_Advanced,Math_00_Total_Pct,Math_01_Unscored_Pct,Math_02_Unsat_Pct,Math_03_Partially_Proficient_Pct,Math_04_Proficient_Pct,Math_05_Advanced_Pct,Reading_00_Total,Reading_01_Unscored,Reading_02_Unsat,Reading_03_Partially_Proficient,Reading_04_Proficient,Reading_05_Advanced,Reading_00_Total_Pct,Reading_01_Unscored_Pct,Reading_02_Unsat_Pct,Reading_03_Partially_Proficient_Pct,Reading_04_Proficient_Pct,Reading_05_Advanced_Pct,Science_00_Total,Science_01_Unscored,Science_02_Unsat,Science_03_Partially_Proficient,Science_04_Proficient,Science_05_Advanced,Science_00_Total_Pct,Science_01_Unscored_Pct,Science_02_Unsat_Pct,Science_03_Partially_Proficient_Pct,Science_04_Proficient_Pct,Science_05_Advanced_Pct,Writing_00_Total,Writing_01_Unscored,Writing_02_Unsat,Writing_03_Partially_Proficient,Writing_04_Proficient,Writing_05_Advanced,Writing_00_Total_Pct,Writing_01_Unscored_Pct,Writing_02_Unsat_Pct,Writing_03_Partially_Proficient_Pct,Writing_04_Proficient_Pct,Writing_05_Advanced_Pct,Total_00_Total,Total_01_Unscored,Total_02_Unsat,Total_03_Partially_Proficient,Total_04_Proficient,Total_05_Advanced,Total_00_Total_Pct,Total_01_Unscored_Pct,Total_02_Unsat_Pct,Total_03_Partially_Proficient_Pct,Total_04_Proficient_Pct,Total_05_Advanced_Pct
0,(blank),464224,4247,82167,130827,150996,95987,1,0.01,0.18,0.28,0.33,0.21,462434,5237,47909,95904,274120,39264,1,0.01,0.1,0.21,0.59,0.08,4,0,0,0,0,0,1,0,0,0,0,0,462550,5057,28128,182345,201225,45795,1,0.01,0.06,0.39,0.44,0.1,1389212,14541,158204,409076,626341,181046,1,0.01,0.11,0.29,0.45,0.13
10,MAPLETON 1,6401,71,2342,2224,1342,422,1,0.01,0.37,0.35,0.21,0.07,6243,125,1472,2075,2446,112,1,0.02,0.24,0.33,0.39,0.02,28,0,0,0,0,0,1,0,0,0,0,0,6249,115,913,3430,1598,180,1,0.02,0.15,0.55,0.26,0.03,18921,311,4727,7729,5386,714,1,0.02,0.25,0.41,0.28,0.04
20,ADAMS 12 FIVE STAR SCHOOLS,45695,458,8860,13394,14219,8738,1,0.01,0.19,0.29,0.31,0.19,45693,579,5154,10592,26484,2858,1,0.01,0.11,0.23,0.58,0.06,74,0,0,0,0,0,1,0,0,0,0,0,45679,547,3069,20336,18537,3164,1,0.01,0.07,0.45,0.41,0.07,137141,1584,17083,44322,59240,14760,1,0.01,0.12,0.32,0.43,0.11
30,ADAMS COUNTY 14,7418,53,2367,2600,1856,542,1,0.01,0.32,0.35,0.25,0.07,7362,65,1451,2646,3084,116,1,0.01,0.2,0.36,0.42,0.02,11,0,0,0,0,0,1,0,0,0,0,0,7360,71,816,4397,1902,174,1,0.01,0.11,0.6,0.26,0.02,22151,189,4634,9643,6842,832,1,0.01,0.21,0.44,0.31,0.04
40,BRIGHTON 27J,15119,193,3371,4988,4683,1846,1,0.01,0.22,0.33,0.31,0.12,14953,222,1914,4101,8074,610,1,0.01,0.13,0.27,0.54,0.04,21,0,0,0,0,0,1,0,0,0,0,0,14947,182,1002,7278,5653,800,1,0.01,0.07,0.49,0.38,0.05,45040,597,6287,16367,18410,3256,1,0.01,0.14,0.36,0.41,0.07
50,BENNETT 29J,1332,7,163,409,515,194,1,0.01,0.12,0.31,0.39,0.15,1330,4,91,322,806,63,1,0,0.07,0.24,0.61,0.05,0,0,0,0,0,0,0,0,0,0,0,0,1332,5,52,527,608,96,1,0,0.04,0.4,0.46,0.07,3994,16,306,1258,1929,353,1,0,0.08,0.31,0.48,0.09
60,STRASBURG 31J,1178,5,263,394,426,86,1,0,0.22,0.33,0.36,0.07,1180,1,132,274,723,46,1,0,0.11,0.23,0.61,0.04,1,0,0,0,0,0,1,0,0,0,0,0,1178,1,65,550,506,52,1,0,0.06,0.47,0.43,0.04,3537,7,460,1218,1655,184,1,0,0.13,0.34,0.47,0.05
70,WESTMINSTER 50,11529,148,3583,4120,2734,944,1,0.01,0.31,0.36,0.24,0.08,11481,176,2320,3587,5132,266,1,0.02,0.2,0.31,0.45,0.02,20,0,0,0,0,0,1,0,0,0,0,0,11457,100,1426,6394,3285,252,1,0.01,0.12,0.56,0.29,0.02,34487,424,7329,14101,11151,1462,1,0.01,0.21,0.41,0.32,0.04
100,ALAMOSA RE-11J,2501,6,623,884,712,270,1,0,0.25,0.35,0.28,0.11,2501,16,350,652,1369,108,1,0.01,0.14,0.26,0.55,0.04,0,0,0,0,0,0,0,0,0,0,0,0,2491,16,160,1251,934,124,1,0.01,0.06,0.5,0.37,0.05,7493,38,1133,2787,3015,502,1,0.01,0.15,0.37,0.4,0.07
110,SANGRE DE CRISTO RE-22J,354,0,64,116,112,32,1,0,0.18,0.33,0.32,0.09,354,0,38,84,190,12,1,0,0.11,0.24,0.54,0.03,0,0,0,0,0,0,0,0,0,0,0,0,354,0,18,170,130,6,1,0,0.05,0.48,0.37,0.02,1062,0,120,370,432,50,1,0,0.11,0.35,0.41,0.05
120,ENGLEWOOD 1,3603,90,801,1209,1062,427,1,0.02,0.22,0.34,0.29,0.12,3605,106,409,896,2058,122,1,0.03,0.11,0.25,0.57,0.03,23,0,0,0,0,0,1,0,0,0,0,0,3615,106,317,1794,1254,130,1,0.03,0.09,0.5,0.35,0.04,10846,302,1527,3899,4374,679,1,0.03,0.14,0.36,0.4,0.06
123,SHERIDAN 2,1556,20,528,572,330,106,1,0.01,0.34,0.37,0.21,0.07,1560,26,340,538,646,10,1,0.02,0.22,0.34,0.41,0.01,14,0,0,0,0,0,1,0,0,0,0,0,1558,30,192,934,378,24,1,0.02,0.12,0.6,0.24,0.02,4688,76,1060,2044,1354,140,1,0.02,0.23,0.44,0.29,0.03
130,CHERRY CREEK 5,59991,570,7836,14318,19692,17562,1,0.01,0.13,0.24,0.33,0.29,60007,650,4284,10049,38054,6954,1,0.01,0.07,0.17,0.63,0.12,37,0,0,0,0,0,1,0,0,0,0,0,60011,624,2279,19350,28960,8782,1,0.01,0.04,0.32,0.48,0.15,180046,1844,14399,43717,86706,33298,1,0.01,0.08,0.24,0.48,0.18
140,LITTLETON 6,18749,124,1890,4447,6728,5560,1,0.01,0.1,0.24,0.36,0.3,18724,175,962,2531,12416,2640,1,0.01,0.05,0.14,0.66,0.14,15,0,0,0,0,0,1,0,0,0,0,0,18736,235,514,5333,9668,2986,1,0.01,0.03,0.28,0.52,0.16,56224,534,3366,12311,28812,11186,1,0.01,0.06,0.22,0.51,0.2
170,DEER TRAIL 26J,210,2,34,26,18,4,1,0.01,0.16,0.12,0.09,0.02,210,0,12,20,50,2,1,0,0.06,0.1,0.24,0.01,0,0,0,0,0,0,0,0,0,0,0,0,210,0,8,46,30,0,1,0,0.04,0.22,0.14,0,630,2,54,92,98,6,1,0,0.09,0.15,0.16,0.01
180,ADAMS-ARAPAHOE 28J,37307,629,11198,12257,9419,3804,1,0.02,0.3,0.33,0.25,0.1,37240,713,8457,11247,15863,960,1,0.02,0.23,0.3,0.43,0.03,92,0,0,0,0,0,1,0,0,0,0,0,37344,750,5561,19821,10070,1142,1,0.02,0.15,0.53,0.27,0.03,111983,2092,25216,43325,35352,5906,1,0.02,0.23,0.39,0.32,0.05
190,BYERS 32J,658,0,126,226,212,94,1,0,0.19,0.34,0.32,0.14,658,0,18,178,432,30,1,0,0.03,0.27,0.66,0.05,4,0,0,0,0,0,1,0,0,0,0,0,658,2,24,286,322,24,1,0,0.04,0.43,0.49,0.04,1978,2,168,690,966,148,1,0,0.08,0.35,0.49,0.07
220,ARCHULETA COUNTY 50 JT,1843,15,276,597,681,262,1,0.01,0.15,0.32,0.37,0.14,1848,23,125,405,1183,100,1,0.01,0.07,0.22,0.64,0.05,14,0,0,0,0,0,1,0,0,0,0,0,1848,21,62,769,896,88,1,0.01,0.03,0.42,0.48,0.05,5553,59,463,1771,2760,450,1,0.01,0.08,0.32,0.5,0.08
230,WALSH RE-1,190,0,0,0,0,0,1,0,0,0,0,0,190,0,0,0,0,0,1,0,0,0,0,0,0,0,0,0,0,0,0,0,0,0,0,0,190,0,0,0,0,0,1,0,0,0,0,0,570,0,0,0,0,0,1,0,0,0,0,0
240,PRITCHETT RE-3,91,0,0,0,0,0,1,0,0,0,0,0,92,0,0,0,0,0,1,0,0,0,0,0,0,0,0,0,0,0,0,0,0,0,0,0,92,0,0,0,0,0,1,0,0,0,0,0,275,0,0,0,0,0,1,0,0,0,0,0
250,SPRINGFIELD RE-4,340,0,40,86,122,66,1,0,0.12,0.25,0.36,0.19,340,0,14,46,230,24,1,0,0.04,0.14,0.68,0.07,0,0,0,0,0,0,0,0,0,0,0,0,340,0,8,88,176,42,1,0,0.02,0.26,0.52,0.12,1020,0,62,220,528,132,1,0,0.06,0.22,0.52,0.13
260,VILAS RE-5,3232,146,1794,822,333,56,1,0.05,0.56,0.25,0.1,0.02,3230,182,1201,989,768,9,1,0.06,0.37,0.31,0.24,0,27,0,0,0,0,0,1,0,0,0,0,0,3220,184,970,1565,408,12,1,0.06,0.3,0.49,0.13,0,9709,512,3965,3376,1509,77,1,0.05,0.41,0.35,0.16,0.01
270,CAMPO RE-6,46,0,0,0,0,0,1,0,0,0,0,0,46,0,0,0,0,0,1,0,0,0,0,0,0,0,0,0,0,0,0,0,0,0,0,0,46,0,0,0,0,0,1,0,0,0,0,0,138,0,0,0,0,0,1,0,0,0,0,0
290,LAS ANIMAS RE-1,614,7,126,198,160,118,1,0.01,0.21,0.32,0.26,0.19,616,13,57,121,388,32,1,0.02,0.09,0.2,0.63,0.05,3,0,0,0,0,0,1,0,0,0,0,0,614,7,35,247,296,24,1,0.01,0.06,0.4,0.48,0.04,1847,27,218,566,844,174,1,0.01,0.12,0.31,0.46,0.09
310,MC CLAVE RE-2,318,6,36,70,104,44,1,0.02,0.11,0.22,0.33,0.14,316,2,20,64,148,24,1,0.01,0.06,0.2,0.47,0.08,0,0,0,0,0,0,0,0,0,0,0,0,318,4,8,128,100,20,1,0.01,0.03,0.4,0.31,0.06,952,12,64,262,352,88,1,0.01,0.07,0.28,0.37,0.09
470,ST VRAIN VALLEY RE 1J,28338,87,4178,7330,9759,6943,1,0,0.15,0.26,0.34,0.25,27946,113,2371,5552,16814,3055,1,0,0.08,0.2,0.6,0.11,13,0,0,0,0,0,1,0,0,0,0,0,27936,103,1358,10586,12695,3153,1,0,0.05,0.38,0.45,0.11,84233,303,7907,23468,39268,13151,1,0,0.09,0.28,0.47,0.16
480,BOULDER VALLEY RE 2,33700,488,3274,6999,11490,11383,1,0.01,0.1,0.21,0.34,0.34,33536,612,1928,4189,21031,5710,1,0.02,0.06,0.12,0.63,0.17,164,0,0,0,0,0,1,0,0,0,0,0,33546,604,1177,9036,16822,5841,1,0.02,0.04,0.27,0.5,0.17,100946,1704,6379,20224,49343,22934,1,0.02,0.06,0.2,0.49,0.23
490,BUENA VISTA R-31,1130,4,175,394,400,144,1,0,0.15,0.35,0.35,0.13,1128,6,88,216,719,86,1,0.01,0.08,0.19,0.64,0.08,2,0,0,0,0,0,1,0,0,0,0,0,1128,4,66,470,499,76,1,0,0.06,0.42,0.44,0.07,3388,14,329,1080,1618,306,1,0,0.1,0.32,0.48,0.09
500,SALIDA R-32,1290,14,202,384,422,268,1,0.01,0.16,0.3,0.33,0.21,1292,16,110,246,826,94,1,0.01,0.09,0.19,0.64,0.07,4,0,0,0,0,0,1,0,0,0,0,0,1290,14,58,528,564,126,1,0.01,0.04,0.41,0.44,0.1,3876,44,370,1158,1812,488,1,0.01,0.1,0.3,0.47,0.13
510,KIT CARSON R-1,122,0,0,0,0,0,1,0,0,0,0,0,122,0,0,0,0,0,1,0,0,0,0,0,0,0,0,0,0,0,0,0,0,0,0,0,122,0,0,0,0,0,1,0,0,0,0,0,366,0,0,0,0,0,1,0,0,0,0,0
520,CHEYENNE COUNTY RE-5,246,0,30,34,38,8,1,0,0.12,0.14,0.15,0.03,246,0,16,26,68,0,1,0,0.07,0.11,0.28,0,0,0,0,0,0,0,0,0,0,0,0,0,246,0,6,48,50,6,1,0,0.02,0.2,0.2,0.02,738,0,52,108,156,14,1,0,0.07,0.15,0.21,0.02
540,CLEAR CREEK RE-1,1132,10,128,327,385,240,1,0.01,0.11,0.29,0.34,0.21,1138,8,57,202,687,141,1,0.01,0.05,0.18,0.6,0.12,0,0,0,0,0,0,0,0,0,0,0,0,1134,10,41,368,497,176,1,0.01,0.04,0.32,0.44,0.16,3404,28,226,897,1569,557,1,0.01,0.07,0.26,0.46,0.16
550,NORTH CONEJOS RE-1J,1250,12,205,361,403,260,1,0.01,0.16,0.29,0.32,0.21,1252,14,111,298,740,80,1,0.01,0.09,0.24,0.59,0.06,11,0,0,0,0,0,1,0,0,0,0,0,1250,12,75,500,560,94,1,0.01,0.06,0.4,0.45,0.08,3763,38,391,1159,1703,434,1,0.01,0.1,0.31,0.45,0.12
560,SANFORD 6J,384,0,50,104,132,98,1,0,0.13,0.27,0.34,0.26,386,4,40,86,236,20,1,0.01,0.1,0.22,0.61,0.05,0,0,0,0,0,0,0,0,0,0,0,0,384,0,32,158,184,10,1,0,0.08,0.41,0.48,0.03,1154,4,122,348,552,128,1,0,0.11,0.3,0.48,0.11
580,SOUTH CONEJOS RE-10,346,0,120,108,80,18,1,0,0.35,0.31,0.23,0.05,344,0,56,86,182,2,1,0,0.16,0.25,0.53,0.01,0,0,0,0,0,0,0,0,0,0,0,0,346,0,30,164,128,4,1,0,0.09,0.47,0.37,0.01,1036,0,206,358,390,24,1,0,0.2,0.35,0.38,0.02
640,CENTENNIAL R-1,254,0,58,50,18,4,1,0,0.23,0.2,0.07,0.02,252,0,22,54,54,0,1,0,0.09,0.21,0.21,0,0,0,0,0,0,0,0,0,0,0,0,0,254,0,2,88,38,2,1,0,0.01,0.35,0.15,0.01,760,0,82,192,110,6,1,0,0.11,0.25,0.14,0.01
740,SIERRA GRANDE R-30,302,0,34,78,86,46,1,0,0.11,0.26,0.28,0.15,302,0,26,86,120,12,1,0,0.09,0.28,0.4,0.04,0,0,0,0,0,0,0,0,0,0,0,0,302,0,4,128,98,14,1,0,0.01,0.42,0.32,0.05,906,0,64,292,304,72,1,0,0.07,0.32,0.34,0.08
770,CROWLEY COUNTY RE-1-J,648,2,112,226,222,86,1,0,0.17,0.35,0.34,0.13,652,0,44,172,412,24,1,0,0.07,0.26,0.63,0.04,0,0,0,0,0,0,0,0,0,0,0,0,652,0,34,338,252,28,1,0,0.05,0.52,0.39,0.04,1952,2,190,736,886,138,1,0,0.1,0.38,0.45,0.07
860,CUSTER COUNTY SCHOOL DISTRICT C-1,610,2,124,174,210,100,1,0,0.2,0.29,0.34,0.16,606,0,36,140,402,28,1,0,0.06,0.23,0.66,0.05,6,0,0,0,0,0,1,0,0,0,0,0,608,2,26,250,290,40,1,0,0.04,0.41,0.48,0.07,1830,4,186,564,902,168,1,0,0.1,0.31,0.49,0.09
870,DELTA COUNTY 50(J),6331,36,973,1917,2131,1041,1,0.01,0.15,0.3,0.34,0.16,6309,43,536,1410,3726,360,1,0.01,0.08,0.22,0.59,0.06,9,0,0,0,0,0,1,0,0,0,0,0,6317,42,285,2657,2666,433,1,0.01,0.05,0.42,0.42,0.07,18966,121,1794,5984,8523,1834,1,0.01,0.09,0.32,0.45,0.1
880,DENVER COUNTY 1,79893,1052,26774,24292,18592,9088,1,0.01,0.34,0.3,0.23,0.11,78207,1358,17615,23071,32396,3672,1,0.02,0.23,0.29,0.41,0.05,400,0,0,0,0,0,1,0,0,0,0,0,78237,1312,10715,40576,21890,3649,1,0.02,0.14,0.52,0.28,0.05,236737,3722,55104,87939,72878,16409,1,0.02,0.23,0.37,0.31,0.07
890,DOLORES COUNTY RE NO.2,292,2,60,60,77,21,1,0.01,0.21,0.21,0.26,0.07,292,2,18,66,126,8,1,0.01,0.06,0.23,0.43,0.03,0,0,0,0,0,0,0,0,0,0,0,0,292,2,12,100,97,9,1,0.01,0.04,0.34,0.33,0.03,876,6,90,226,300,38,1,0.01,0.1,0.26,0.34,0.04
900,DOUGLAS COUNTY RE 1,63183,495,4740,13796,24239,19847,1,0.01,0.08,0.22,0.38,0.31,63175,577,2409,8109,44258,7756,1,0.01,0.04,0.13,0.7,0.12,51,0,0,0,0,0,1,0,0,0,0,0,63169,541,1262,17828,34836,8636,1,0.01,0.02,0.28,0.55,0.14,189578,1613,8411,39733,103333,36239,1,0.01,0.04,0.21,0.55,0.19
910,EAGLE COUNTY RE 50,6387,12,1144,1914,2188,1086,1,0,0.18,0.3,0.34,0.17,6285,19,689,1396,3654,484,1,0,0.11,0.22,0.58,0.08,0,0,0,0,0,0,0,0,0,0,0,0,6283,17,386,2574,2729,534,1,0,0.06,0.41,0.43,0.08,18955,48,2219,5884,8571,2104,1,0,0.12,0.31,0.45,0.11
920,ELIZABETH C-1,3511,31,347,961,1342,801,1,0.01,0.1,0.27,0.38,0.23,3511,27,176,636,2367,276,1,0.01,0.05,0.18,0.67,0.08,7,0,0,0,0,0,1,0,0,0,0,0,3511,31,82,1136,1855,378,1,0.01,0.02,0.32,0.53,0.11,10540,89,605,2733,5564,1455,1,0.01,0.06,0.26,0.53,0.14
930,KIOWA C-2,438,0,48,166,154,70,1,0,0.11,0.38,0.35,0.16,438,2,20,94,290,32,1,0,0.05,0.21,0.66,0.07,0,0,0,0,0,0,0,0,0,0,0,0,438,2,6,188,220,22,1,0,0.01,0.43,0.5,0.05,1314,4,74,448,664,124,1,0,0.06,0.34,0.51,0.09
940,BIG SANDY 100J,378,2,56,84,156,80,1,0.01,0.15,0.22,0.41,0.21,380,2,28,74,244,32,1,0.01,0.07,0.19,0.64,0.08,0,0,0,0,0,0,0,0,0,0,0,0,378,0,16,136,190,36,1,0,0.04,0.36,0.5,0.1,1136,4,100,294,590,148,1,0,0.09,0.26,0.52,0.13
950,ELBERT 200,320,2,34,122,118,44,1,0.01,0.11,0.38,0.37,0.14,320,0,10,58,228,24,1,0,0.03,0.18,0.71,0.08,0,0,0,0,0,0,0,0,0,0,0,0,320,0,0,132,170,18,1,0,0,0.41,0.53,0.06,960,2,44,312,516,86,1,0,0.05,0.33,0.54,0.09
960,AGATE 300,64,0,0,0,0,0,1,0,0,0,0,0,64,0,0,0,0,0,1,0,0,0,0,0,0,0,0,0,0,0,0,0,0,0,0,0,64,0,0,0,0,0,1,0,0,0,0,0,192,0,0,0,0,0,1,0,0,0,0,0
970,CALHAN RJ-1,716,0,121,220,223,127,1,0,0.17,0.31,0.31,0.18,714,0,59,135,463,33,1,0,0.08,0.19,0.65,0.05,0,0,0,0,0,0,0,0,0,0,0,0,714,0,21,264,337,68,1,0,0.03,0.37,0.47,0.1,2144,0,201,619,1023,228,1,0,0.09,0.29,0.48,0.11
980,HARRISON 2,12193,68,2954,3881,3637,1634,1,0.01,0.24,0.32,0.3,0.13,12179,108,1783,3281,6516,472,1,0.01,0.15,0.27,0.54,0.04,23,0,0,0,0,0,1,0,0,0,0,0,12199,97,907,5903,4627,646,1,0.01,0.07,0.48,0.38,0.05,36594,273,5644,13065,14780,2752,1,0.01,0.15,0.36,0.4,0.08
990,WIDEFIELD 3,9992,26,1498,2949,3625,1862,1,0,0.15,0.3,0.36,0.19,9976,26,843,2151,6396,528,1,0,0.08,0.22,0.64,0.05,8,0,0,0,0,0,1,0,0,0,0,0,9982,28,435,4267,4568,652,1,0,0.04,0.43,0.46,0.07,29958,80,2776,9367,14589,3042,1,0,0.09,0.31,0.49,0.1
1000,FOUNTAIN 8,7405,6,1048,2130,2639,1560,1,0,0.14,0.29,0.36,0.21,7399,6,546,1567,4794,464,1,0,0.07,0.21,0.65,0.06,0,0,0,0,0,0,0,0,0,0,0,0,7395,6,224,3043,3436,664,1,0,0.03,0.41,0.46,0.09,22199,18,1818,6740,10869,2688,1,0,0.08,0.3,0.49,0.12
1010,COLORADO SPRINGS 11,32750,202,4932,9240,11070,7192,1,0.01,0.15,0.28,0.34,0.22,32708,275,3005,6553,19705,3057,1,0.01,0.09,0.2,0.6,0.09,44,0,0,0,0,0,1,0,0,0,0,0,32706,251,1642,12379,14755,3566,1,0.01,0.05,0.38,0.45,0.11,98208,728,9579,28172,45530,13815,1,0.01,0.1,0.29,0.46,0.14
1020,CHEYENNE MOUNTAIN 12,5794,8,298,1044,2140,2304,1,0,0.05,0.18,0.37,0.4,5786,10,140,526,3986,1124,1,0,0.02,0.09,0.69,0.19,0,0,0,0,0,0,0,0,0,0,0,0,5784,10,58,964,3024,1728,1,0,0.01,0.17,0.52,0.3,17364,28,496,2534,9150,5156,1,0,0.03,0.15,0.53,0.3
1030,MANITOU SPRINGS 14,1724,0,210,534,666,314,1,0,0.12,0.31,0.39,0.18,1722,6,90,263,1192,156,1,0,0.05,0.15,0.69,0.09,0,0,0,0,0,0,0,0,0,0,0,0,1724,4,52,554,904,210,1,0,0.03,0.32,0.52,0.12,5170,10,352,1351,2762,680,1,0,0.07,0.26,0.53,0.13
1040,ACADEMY 20,25908,76,1897,5902,9970,8040,1,0,0.07,0.23,0.38,0.31,25879,129,736,3026,18053,3913,1,0,0.03,0.12,0.7,0.15,7,0,0,0,0,0,1,0,0,0,0,0,25883,103,376,6552,14212,4618,1,0,0.01,0.25,0.55,0.18,77677,308,3009,15480,42235,16571,1,0,0.04,0.2,0.54,0.21
1050,ELLICOTT 22,1097,6,244,425,304,118,1,0.01,0.22,0.39,0.28,0.11,1097,7,166,304,584,36,1,0.01,0.15,0.28,0.53,0.03,9,0,0,0,0,0,1,0,0,0,0,0,1097,9,80,588,388,32,1,0.01,0.07,0.54,0.35,0.03,3300,22,490,1317,1276,186,1,0.01,0.15,0.4,0.39,0.06
1060,PEYTON 23 JT,794,0,84,224,320,166,1,0,0.11,0.28,0.4,0.21,792,2,26,168,546,50,1,0,0.03,0.21,0.69,0.06,0,0,0,0,0,0,0,0,0,0,0,0,794,0,12,286,426,70,1,0,0.02,0.36,0.54,0.09,2380,2,122,678,1292,286,1,0,0.05,0.28,0.54,0.12
1070,HANOVER 28,314,2,42,92,86,27,1,0.01,0.13,0.29,0.27,0.09,314,4,16,70,155,4,1,0.01,0.05,0.22,0.49,0.01,0,0,0,0,0,0,0,0,0,0,0,0,312,0,7,143,93,6,1,0,0.02,0.46,0.3,0.02,940,6,65,305,334,37,1,0.01,0.07,0.32,0.36,0.04
1080,LEWIS-PALMER 38,7366,18,418,1332,2852,2746,1,0,0.06,0.18,0.39,0.37,7370,54,222,658,5312,1124,1,0.01,0.03,0.09,0.72,0.15,4,0,0,0,0,0,1,0,0,0,0,0,7372,22,116,1686,4204,1344,1,0,0.02,0.23,0.57,0.18,22112,94,756,3676,12368,5214,1,0,0.03,0.17,0.56,0.24
1110,FALCON 49,15852,170,1901,4552,5985,3217,1,0.01,0.12,0.29,0.38,0.2,15854,90,982,2905,10775,1075,1,0.01,0.06,0.18,0.68,0.07,8,0,0,0,0,0,1,0,0,0,0,0,15862,108,500,5780,7967,1480,1,0.01,0.03,0.36,0.5,0.09,47576,368,3383,13237,24727,5772,1,0.01,0.07,0.28,0.52,0.12
1120,EDISON 54 JT,142,3,5,4,4,0,1,0.02,0.04,0.03,0.03,0,144,3,1,6,7,0,1,0.02,0.01,0.04,0.05,0,13,0,0,0,0,0,1,0,0,0,0,0,144,3,2,7,4,1,1,0.02,0.01,0.05,0.03,0.01,443,9,8,17,15,1,1,0.02,0.02,0.04,0.03,0
1130,MIAMI/YODER 60 JT,384,2,86,126,86,56,1,0.01,0.22,0.33,0.22,0.15,376,6,32,90,204,18,1,0.02,0.09,0.24,0.54,0.05,28,0,0,0,0,0,1,0,0,0,0,0,378,2,16,170,150,14,1,0.01,0.04,0.45,0.4,0.04,1166,10,134,386,440,88,1,0.01,0.11,0.33,0.38,0.08
1140,CANON CITY RE-1,4615,22,768,1339,1566,862,1,0,0.17,0.29,0.34,0.19,4621,28,371,907,2974,283,1,0.01,0.08,0.2,0.64,0.06,2,0,0,0,0,0,1,0,0,0,0,0,4617,22,203,1866,2088,380,1,0,0.04,0.4,0.45,0.08,13855,72,1342,4112,6628,1525,1,0.01,0.1,0.3,0.48,0.11
1150,FLORENCE RE-2,2124,8,429,715,672,300,1,0,0.2,0.34,0.32,0.14,2124,6,272,515,1231,100,1,0,0.13,0.24,0.58,0.05,2,0,0,0,0,0,1,0,0,0,0,0,2124,5,143,1002,884,90,1,0,0.07,0.47,0.42,0.04,6374,19,844,2232,2787,490,1,0,0.13,0.35,0.44,0.08
1160,COTOPAXI RE-3,284,0,57,47,51,16,1,0,0.2,0.17,0.18,0.06,286,0,12,41,107,11,1,0,0.04,0.14,0.37,0.04,0,0,0,0,0,0,0,0,0,0,0,0,284,0,11,73,75,12,1,0,0.04,0.26,0.26,0.04,854,0,80,161,233,39,1,0,0.09,0.19,0.27,0.05
1180,ROARING FORK RE-1,6043,24,1233,1989,1801,931,1,0,0.2,0.33,0.3,0.15,5983,41,880,1465,3042,490,1,0.01,0.15,0.24,0.51,0.08,4,0,0,0,0,0,1,0,0,0,0,0,5983,38,519,2673,2235,453,1,0.01,0.09,0.45,0.37,0.08,18013,103,2632,6127,7078,1874,1,0.01,0.15,0.34,0.39,0.1
1195,GARFIELD RE-2,5280,33,1029,1695,1706,810,1,0.01,0.19,0.32,0.32,0.15,5252,53,745,1346,2829,272,1,0.01,0.14,0.26,0.54,0.05,6,0,0,0,0,0,1,0,0,0,0,0,5240,79,436,2556,1896,266,1,0.02,0.08,0.49,0.36,0.05,15778,165,2210,5597,6431,1348,1,0.01,0.14,0.35,0.41,0.09
1220,GARFIELD 16,1494,2,388,626,394,84,1,0,0.26,0.42,0.26,0.06,1500,2,254,380,834,30,1,0,0.17,0.25,0.56,0.02,4,0,0,0,0,0,1,0,0,0,0,0,1492,4,150,830,476,32,1,0,0.1,0.56,0.32,0.02,4490,8,792,1836,1704,146,1,0,0.18,0.41,0.38,0.03
1330,GILPIN COUNTY RE-1,340,2,42,112,108,76,1,0.01,0.12,0.33,0.32,0.22,342,4,20,54,232,32,1,0.01,0.06,0.16,0.68,0.09,0,0,0,0,0,0,0,0,0,0,0,0,342,2,20,120,176,24,1,0.01,0.06,0.35,0.51,0.07,1024,8,82,286,516,132,1,0.01,0.08,0.28,0.5,0.13
1340,WEST GRAND 1-JT.,574,6,74,176,238,80,1,0.01,0.13,0.31,0.41,0.14,574,6,48,90,392,38,1,0.01,0.08,0.16,0.68,0.07,6,0,0,0,0,0,1,0,0,0,0,0,572,6,14,248,262,42,1,0.01,0.02,0.43,0.46,0.07,1726,18,136,514,892,160,1,0.01,0.08,0.3,0.52,0.09
1350,EAST GRAND 2,1598,10,219,421,552,345,1,0.01,0.14,0.26,0.35,0.22,1594,12,116,284,979,152,1,0.01,0.07,0.18,0.61,0.1,14,0,0,0,0,0,1,0,0,0,0,0,1594,12,61,561,778,131,1,0.01,0.04,0.35,0.49,0.08,4800,34,396,1266,2309,628,1,0.01,0.08,0.26,0.48,0.13
1360,GUNNISON WATERSHED RE1J,1974,4,299,585,668,392,1,0,0.15,0.3,0.34,0.2,1986,6,140,354,1269,191,1,0,0.07,0.18,0.64,0.1,15,0,0,0,0,0,1,0,0,0,0,0,1982,4,81,784,930,157,1,0,0.04,0.4,0.47,0.08,5957,14,520,1723,2867,740,1,0,0.09,0.29,0.48,0.12
1380,HINSDALE COUNTY RE 1,106,0,0,0,0,0,1,0,0,0,0,0,104,0,0,0,0,0,1,0,0,0,0,0,0,0,0,0,0,0,0,0,0,0,0,0,102,0,0,0,0,0,1,0,0,0,0,0,312,0,0,0,0,0,1,0,0,0,0,0
1390,HUERFANO RE-1,853,0,222,237,237,92,1,0,0.26,0.28,0.28,0.11,853,4,106,230,426,21,1,0,0.12,0.27,0.5,0.02,4,0,0,0,0,0,1,0,0,0,0,0,855,2,54,418,284,31,1,0,0.06,0.49,0.33,0.04,2565,6,382,885,947,144,1,0,0.15,0.35,0.37,0.06
1400,LA VETA RE-2,362,0,38,102,122,72,1,0,0.1,0.28,0.34,0.2,362,0,22,62,228,22,1,0,0.06,0.17,0.63,0.06,0,0,0,0,0,0,0,0,0,0,0,0,362,0,14,116,176,28,1,0,0.04,0.32,0.49,0.08,1086,0,74,280,526,122,1,0,0.07,0.26,0.48,0.11
1410,NORTH PARK R-1,240,0,28,40,44,32,1,0,0.12,0.17,0.18,0.13,239,0,7,26,78,17,1,0,0.03,0.11,0.33,0.07,0,0,0,0,0,0,0,0,0,0,0,0,240,0,8,62,58,16,1,0,0.03,0.26,0.24,0.07,719,0,43,128,180,65,1,0,0.06,0.18,0.25,0.09
1420,JEFFERSON COUNTY R-1,100296,641,13068,26669,35797,23938,1,0.01,0.13,0.27,0.36,0.24,100119,878,6855,17475,64234,10493,1,0.01,0.07,0.17,0.64,0.1,203,0,0,0,0,0,1,0,0,0,0,0,100153,848,4270,34225,47742,12884,1,0.01,0.04,0.34,0.48,0.13,300771,2367,24193,78369,147773,47315,1,0.01,0.08,0.26,0.49,0.16
1430,EADS RE-1,228,0,12,50,28,12,1,0,0.05,0.22,0.12,0.05,228,0,2,28,70,2,1,0,0.01,0.12,0.31,0.01,0,0,0,0,0,0,0,0,0,0,0,0,228,0,2,60,34,6,1,0,0.01,0.26,0.15,0.03,684,0,16,138,132,20,1,0,0.02,0.2,0.19,0.03
1440,PLAINVIEW RE-2,62,0,0,0,0,0,1,0,0,0,0,0,62,0,0,0,0,0,1,0,0,0,0,0,0,0,0,0,0,0,0,0,0,0,0,0,62,0,0,0,0,0,1,0,0,0,0,0,186,0,0,0,0,0,1,0,0,0,0,0
1450,ARRIBA-FLAGLER C-20,178,2,4,14,8,4,1,0.01,0.02,0.08,0.04,0.02,178,2,0,8,22,0,1,0.01,0,0.04,0.12,0,0,0,0,0,0,0,0,0,0,0,0,0,178,2,0,16,14,0,1,0.01,0,0.09,0.08,0,534,6,4,38,44,4,1,0.01,0.01,0.07,0.08,0.01
1460,HI-PLAINS R-23,146,0,0,0,0,0,1,0,0,0,0,0,146,0,0,0,0,0,1,0,0,0,0,0,0,0,0,0,0,0,0,0,0,0,0,0,146,0,0,0,0,0,1,0,0,0,0,0,438,0,0,0,0,0,1,0,0,0,0,0
1480,STRATTON R-4,242,0,36,48,38,24,1,0,0.15,0.2,0.16,0.1,242,2,18,26,92,8,1,0.01,0.07,0.11,0.38,0.03,0,0,0,0,0,0,0,0,0,0,0,0,242,2,16,56,68,4,1,0.01,0.07,0.23,0.28,0.02,726,4,70,130,198,36,1,0.01,0.1,0.18,0.27,0.05
1490,BETHUNE R-5,146,0,0,0,0,0,1,0,0,0,0,0,144,0,0,0,0,0,1,0,0,0,0,0,0,0,0,0,0,0,0,0,0,0,0,0,146,0,0,0,0,0,1,0,0,0,0,0,436,0,0,0,0,0,1,0,0,0,0,0
1500,BURLINGTON RE-6J,816,0,120,258,282,156,1,0,0.15,0.32,0.35,0.19,818,0,70,180,524,44,1,0,0.09,0.22,0.64,0.05,0,0,0,0,0,0,0,0,0,0,0,0,816,0,34,338,378,66,1,0,0.04,0.41,0.46,0.08,2450,0,224,776,1184,266,1,0,0.09,0.32,0.48,0.11
1510,LAKE COUNTY R-1,1308,6,376,402,378,146,1,0,0.29,0.31,0.29,0.11,1300,2,228,424,592,54,1,0,0.18,0.33,0.46,0.04,0,0,0,0,0,0,0,0,0,0,0,0,1302,4,148,712,380,58,1,0,0.11,0.55,0.29,0.04,3910,12,752,1538,1350,258,1,0,0.19,0.39,0.35,0.07
1520,DURANGO 9-R,5509,26,685,1473,2030,1263,1,0,0.12,0.27,0.37,0.23,5499,34,309,870,3581,673,1,0.01,0.06,0.16,0.65,0.12,3,0,0,0,0,0,1,0,0,0,0,0,5500,34,175,1854,2743,662,1,0.01,0.03,0.34,0.5,0.12,16511,94,1169,4197,8354,2598,1,0.01,0.07,0.25,0.51,0.16
1530,BAYFIELD 10 JT-R,1500,8,212,476,530,274,1,0.01,0.14,0.32,0.35,0.18,1500,4,60,258,1040,138,1,0,0.04,0.17,0.69,0.09,2,0,0,0,0,0,1,0,0,0,0,0,1500,4,38,548,796,114,1,0,0.03,0.37,0.53,0.08,4502,16,310,1282,2366,526,1,0,0.07,0.28,0.53,0.12
1540,IGNACIO 11 JT,906,17,279,306,220,70,1,0.02,0.31,0.34,0.24,0.08,908,21,129,280,434,30,1,0.02,0.14,0.31,0.48,0.03,7,0,0,0,0,0,1,0,0,0,0,0,906,21,71,498,272,30,1,0.02,0.08,0.55,0.3,0.03,2727,59,479,1084,926,130,1,0.02,0.18,0.4,0.34,0.05
1550,POUDRE R-1,30209,367,3297,7083,10553,8750,1,0.01,0.11,0.23,0.35,0.29,30065,457,1761,4223,19347,4108,1,0.02,0.06,0.14,0.64,0.14,106,0,0,0,0,0,1,0,0,0,0,0,30077,455,974,8585,15296,4598,1,0.02,0.03,0.29,0.51,0.15,90457,1279,6032,19891,45196,17456,1,0.01,0.07,0.22,0.5,0.19
1560,THOMPSON R-2J,17881,131,2643,5011,6240,3856,1,0.01,0.15,0.28,0.35,0.22,17883,173,1561,3217,11264,1668,1,0.01,0.09,0.18,0.63,0.09,19,0,0,0,0,0,1,0,0,0,0,0,17881,180,926,6647,8294,1834,1,0.01,0.05,0.37,0.46,0.1,53664,484,5130,14875,25798,7358,1,0.01,0.1,0.28,0.48,0.14
1570,PARK (ESTES PARK) R-3,1497,15,216,382,512,372,1,0.01,0.14,0.26,0.34,0.25,1499,17,102,234,996,150,1,0.01,0.07,0.16,0.66,0.1,0,0,0,0,0,0,0,0,0,0,0,0,1497,15,72,510,726,174,1,0.01,0.05,0.34,0.48,0.12,4493,47,390,1126,2234,696,1,0.01,0.09,0.25,0.5,0.15
1580,TRINIDAD 1,1789,0,323,698,572,196,1,0,0.18,0.39,0.32,0.11,1785,0,133,470,1130,52,1,0,0.07,0.26,0.63,0.03,2,0,0,0,0,0,1,0,0,0,0,0,1787,0,52,849,782,104,1,0,0.03,0.48,0.44,0.06,5363,0,508,2017,2484,352,1,0,0.09,0.38,0.46,0.07
1590,PRIMERO REORGANIZED 2,272,0,62,82,38,20,1,0,0.23,0.3,0.14,0.07,272,2,24,56,102,18,1,0.01,0.09,0.21,0.38,0.07,0,0,0,0,0,0,0,0,0,0,0,0,272,2,26,84,74,16,1,0.01,0.1,0.31,0.27,0.06,816,4,112,222,214,54,1,0,0.14,0.27,0.26,0.07
1600,HOEHNE REORGANIZED 3,398,2,48,132,122,94,1,0.01,0.12,0.33,0.31,0.24,397,2,24,52,279,40,1,0.01,0.06,0.13,0.7,0.1,0,0,0,0,0,0,0,0,0,0,0,0,397,2,10,92,239,54,1,0.01,0.03,0.23,0.6,0.14,1192,6,82,276,640,188,1,0.01,0.07,0.23,0.54,0.16
1620,AGUILAR REORGANIZED 6,162,0,26,8,6,0,1,0,0.16,0.05,0.04,0,164,2,12,18,8,0,1,0.01,0.07,0.11,0.05,0,0,0,0,0,0,0,0,0,0,0,0,0,164,2,4,22,12,0,1,0.01,0.02,0.13,0.07,0,490,4,42,48,26,0,1,0.01,0.09,0.1,0.05,0
1750,BRANSON REORGANIZED 82,638,10,142,216,163,54,1,0.02,0.22,0.34,0.26,0.08,638,12,21,120,391,41,1,0.02,0.03,0.19,0.61,0.06,3,0,0,0,0,0,1,0,0,0,0,0,638,14,24,227,299,21,1,0.02,0.04,0.36,0.47,0.03,1917,36,187,563,853,116,1,0.02,0.1,0.29,0.44,0.06
1760,KIM REORGANIZED 88,74,0,0,0,0,0,1,0,0,0,0,0,74,0,0,0,0,0,1,0,0,0,0,0,0,0,0,0,0,0,0,0,0,0,0,0,74,0,0,0,0,0,1,0,0,0,0,0,222,0,0,0,0,0,1,0,0,0,0,0
1780,GENOA-HUGO C113,224,0,30,16,24,6,1,0,0.13,0.07,0.11,0.03,224,2,12,10,52,0,1,0.01,0.05,0.04,0.23,0,0,0,0,0,0,0,0,0,0,0,0,0,224,2,6,40,28,0,1,0.01,0.03,0.18,0.13,0,672,4,48,66,104,6,1,0.01,0.07,0.1,0.15,0.01
1790,LIMON RE-4J,584,4,64,154,216,146,1,0.01,0.11,0.26,0.37,0.25,584,4,38,106,392,44,1,0.01,0.07,0.18,0.67,0.08,0,0,0,0,0,0,0,0,0,0,0,0,584,4,18,208,272,82,1,0.01,0.03,0.36,0.47,0.14,1752,12,120,468,880,272,1,0.01,0.07,0.27,0.5,0.16
1810,KARVAL RE-23,240,0,53,34,23,1,1,0,0.22,0.14,0.1,0,240,0,7,32,70,2,1,0,0.03,0.13,0.29,0.01,0,0,0,0,0,0,0,0,0,0,0,0,240,0,4,71,34,2,1,0,0.02,0.3,0.14,0.01,720,0,64,137,127,5,1,0,0.09,0.19,0.18,0.01
1828,VALLEY RE-1,2907,11,504,926,897,539,1,0,0.17,0.32,0.31,0.19,2899,12,249,625,1804,179,1,0,0.09,0.22,0.62,0.06,2,0,0,0,0,0,1,0,0,0,0,0,2899,8,119,1139,1359,244,1,0,0.04,0.39,0.47,0.08,8707,31,872,2690,4060,962,1,0,0.1,0.31,0.47,0.11
1850,FRENCHMAN RE-3,214,0,0,6,28,12,1,0,0,0.03,0.13,0.06,212,0,4,4,38,0,1,0,0.02,0.02,0.18,0,0,0,0,0,0,0,0,0,0,0,0,0,212,0,2,24,18,2,1,0,0.01,0.11,0.08,0.01,638,0,6,34,84,14,1,0,0.01,0.05,0.13,0.02
1860,BUFFALO RE-4,396,0,36,108,156,96,1,0,0.09,0.27,0.39,0.24,396,14,16,54,280,32,1,0.04,0.04,0.14,0.71,0.08,8,0,0,0,0,0,1,0,0,0,0,0,396,2,2,114,230,48,1,0.01,0.01,0.29,0.58,0.12,1196,16,54,276,666,176,1,0.01,0.05,0.23,0.56,0.15
1870,PLATEAU RE-5,166,0,0,0,0,0,1,0,0,0,0,0,166,0,0,0,0,0,1,0,0,0,0,0,0,0,0,0,0,0,0,0,0,0,0,0,166,0,0,0,0,0,1,0,0,0,0,0,498,0,0,0,0,0,1,0,0,0,0,0
1980,DE BEQUE 49JT,180,0,0,0,0,0,1,0,0,0,0,0,180,0,0,0,0,0,1,0,0,0,0,0,0,0,0,0,0,0,0,0,0,0,0,0,180,0,0,0,0,0,1,0,0,0,0,0,540,0,0,0,0,0,1,0,0,0,0,0
1990,PLATEAU VALLEY 50,454,6,148,132,112,30,1,0.01,0.33,0.29,0.25,0.07,454,0,44,136,228,20,1,0,0.1,0.3,0.5,0.04,7,0,0,0,0,0,1,0,0,0,0,0,454,4,32,236,130,26,1,0.01,0.07,0.52,0.29,0.06,1369,10,224,504,470,76,1,0.01,0.16,0.37,0.34,0.06
2000,MESA COUNTY VALLEY 51,25177,192,4613,8485,8157,3661,1,0.01,0.18,0.34,0.32,0.15,25080,269,2575,5479,15061,1627,1,0.01,0.1,0.22,0.6,0.06,39,0,0,0,0,0,1,0,0,0,0,0,25117,280,1601,11046,10456,1665,1,0.01,0.06,0.44,0.42,0.07,75413,741,8789,25010,33674,6953,1,0.01,0.12,0.33,0.45,0.09
2010,CREEDE CONSOLIDATED 1,144,0,0,0,0,0,1,0,0,0,0,0,144,0,0,0,0,0,1,0,0,0,0,0,0,0,0,0,0,0,0,0,0,0,0,0,144,0,0,0,0,0,1,0,0,0,0,0,432,0,0,0,0,0,1,0,0,0,0,0
2020,MOFFAT COUNTY RE:NO 1,2686,18,442,949,942,329,1,0.01,0.16,0.35,0.35,0.12,2672,14,288,615,1638,111,1,0.01,0.11,0.23,0.61,0.04,4,0,0,0,0,0,1,0,0,0,0,0,2680,16,196,1293,1097,72,1,0.01,0.07,0.48,0.41,0.03,8042,48,926,2857,3677,512,1,0.01,0.12,0.36,0.46,0.06
2035,MONTEZUMA-CORTEZ RE-1,3440,74,890,1195,924,302,1,0.02,0.26,0.35,0.27,0.09,3436,86,507,936,1728,124,1,0.03,0.15,0.27,0.5,0.04,25,0,0,0,0,0,1,0,0,0,0,0,3444,77,356,1727,1110,119,1,0.02,0.1,0.5,0.32,0.03,10345,237,1753,3858,3762,545,1,0.02,0.17,0.37,0.36,0.05
2055,DOLORES RE-4A,892,6,146,298,300,142,1,0.01,0.16,0.33,0.34,0.16,894,12,56,154,590,82,1,0.01,0.06,0.17,0.66,0.09,4,0,0,0,0,0,1,0,0,0,0,0,894,8,34,352,440,60,1,0.01,0.04,0.39,0.49,0.07,2684,26,236,804,1330,284,1,0.01,0.09,0.3,0.5,0.11
2070,MANCOS RE-6,464,2,50,158,144,110,1,0,0.11,0.34,0.31,0.24,466,8,42,70,316,30,1,0.02,0.09,0.15,0.68,0.06,0,0,0,0,0,0,0,0,0,0,0,0,464,2,20,204,212,26,1,0,0.04,0.44,0.46,0.06,1394,12,112,432,672,166,1,0.01,0.08,0.31,0.48,0.12
2180,MONTROSE COUNTY RE-1J,7321,77,1478,2351,2384,1017,1,0.01,0.2,0.32,0.33,0.14,7323,87,913,1700,4177,432,1,0.01,0.12,0.23,0.57,0.06,14,0,0,0,0,0,1,0,0,0,0,0,7323,81,477,3262,2977,512,1,0.01,0.07,0.45,0.41,0.07,21981,245,2868,7313,9538,1961,1,0.01,0.13,0.33,0.43,0.09
2190,WEST END RE-2,392,0,55,118,125,62,1,0,0.14,0.3,0.32,0.16,388,0,37,93,211,15,1,0,0.1,0.24,0.54,0.04,0,0,0,0,0,0,0,0,0,0,0,0,390,0,17,169,150,22,1,0,0.04,0.43,0.38,0.06,1170,0,109,380,486,99,1,0,0.09,0.32,0.42,0.08
2395,BRUSH RE-2(J),1824,0,350,708,520,246,1,0,0.19,0.39,0.29,0.13,1822,2,196,480,1070,74,1,0,0.11,0.26,0.59,0.04,2,0,0,0,0,0,1,0,0,0,0,0,1822,0,124,816,780,102,1,0,0.07,0.45,0.43,0.06,5470,2,670,2004,2370,422,1,0,0.12,0.37,0.43,0.08
2405,FORT MORGAN RE-3,3658,33,969,1287,1000,358,1,0.01,0.26,0.35,0.27,0.1,3652,51,494,1040,1910,146,1,0.01,0.14,0.28,0.52,0.04,6,0,0,0,0,0,1,0,0,0,0,0,3654,35,308,1854,1304,142,1,0.01,0.08,0.51,0.36,0.04,10970,119,1771,4181,4214,646,1,0.01,0.16,0.38,0.38,0.06
2505,WELDON VALLEY RE-20(J),252,0,8,26,62,22,1,0,0.03,0.1,0.25,0.09,252,0,8,30,76,4,1,0,0.03,0.12,0.3,0.02,0,0,0,0,0,0,0,0,0,0,0,0,252,0,4,58,52,4,1,0,0.02,0.23,0.21,0.02,756,0,20,114,190,30,1,0,0.03,0.15,0.25,0.04
2515,WIGGINS RE-50(J),662,2,126,224,196,114,1,0,0.19,0.34,0.3,0.17,662,4,42,164,412,40,1,0.01,0.06,0.25,0.62,0.06,4,0,0,0,0,0,1,0,0,0,0,0,664,4,14,306,290,50,1,0.01,0.02,0.46,0.44,0.08,1992,10,182,694,898,204,1,0.01,0.09,0.35,0.45,0.1
2520,EAST OTERO R-1,1622,21,278,589,496,220,1,0.01,0.17,0.36,0.31,0.14,1622,20,162,414,884,124,1,0.01,0.1,0.26,0.55,0.08,11,0,0,0,0,0,1,0,0,0,0,0,1622,20,72,689,679,144,1,0.01,0.04,0.42,0.42,0.09,4877,61,512,1692,2059,488,1,0.01,0.1,0.35,0.42,0.1
2530,ROCKY FORD R-2,960,10,264,400,226,60,1,0.01,0.28,0.42,0.24,0.06,960,14,132,292,486,36,1,0.01,0.14,0.3,0.51,0.04,13,0,0,0,0,0,1,0,0,0,0,0,960,14,78,528,310,30,1,0.01,0.08,0.55,0.32,0.03,2893,38,474,1220,1022,126,1,0.01,0.16,0.42,0.35,0.04
2535,MANZANOLA 3J,240,0,38,48,54,2,1,0,0.16,0.2,0.23,0.01,240,0,14,48,76,4,1,0,0.06,0.2,0.32,0.02,0,0,0,0,0,0,0,0,0,0,0,0,240,0,4,86,52,0,1,0,0.02,0.36,0.22,0,720,0,56,182,182,6,1,0,0.08,0.25,0.25,0.01
2540,FOWLER R-4J,468,0,42,134,182,110,1,0,0.09,0.29,0.39,0.24,468,0,16,72,358,22,1,0,0.03,0.15,0.76,0.05,0,0,0,0,0,0,0,0,0,0,0,0,466,0,6,168,256,36,1,0,0.01,0.36,0.55,0.08,1402,0,64,374,796,168,1,0,0.05,0.27,0.57,0.12
2560,CHERAW 31,242,0,14,46,48,16,1,0,0.06,0.19,0.2,0.07,240,0,14,28,72,10,1,0,0.06,0.12,0.3,0.04,0,0,0,0,0,0,0,0,0,0,0,0,240,0,2,52,58,12,1,0,0.01,0.22,0.24,0.05,722,0,30,126,178,38,1,0,0.04,0.17,0.25,0.05
2570,SWINK 33,486,4,44,154,200,84,1,0.01,0.09,0.32,0.41,0.17,486,4,10,82,358,32,1,0.01,0.02,0.17,0.74,0.07,6,0,0,0,0,0,1,0,0,0,0,0,486,4,0,174,266,42,1,0.01,0,0.36,0.55,0.09,1464,12,54,410,824,158,1,0.01,0.04,0.28,0.56,0.11
2580,OURAY R-1,306,0,34,80,98,52,1,0,0.11,0.26,0.32,0.17,304,4,8,38,188,24,1,0.01,0.03,0.13,0.62,0.08,0,0,0,0,0,0,0,0,0,0,0,0,304,2,4,92,134,30,1,0.01,0.01,0.3,0.44,0.1,914,6,46,210,420,106,1,0.01,0.05,0.23,0.46,0.12
2590,RIDGWAY R-2,413,0,29,106,174,104,1,0,0.07,0.26,0.42,0.25,413,0,6,79,280,48,1,0,0.01,0.19,0.68,0.12,0,0,0,0,0,0,0,0,0,0,0,0,413,0,4,133,232,44,1,0,0.01,0.32,0.56,0.11,1239,0,39,318,686,196,1,0,0.03,0.26,0.55,0.16
2600,PLATTE CANYON 1,1454,0,158,368,494,434,1,0,0.11,0.25,0.34,0.3,1456,2,52,236,992,174,1,0,0.04,0.16,0.68,0.12,0,0,0,0,0,0,0,0,0,0,0,0,1450,2,26,428,748,246,1,0,0.02,0.3,0.52,0.17,4360,4,236,1032,2234,854,1,0,0.05,0.24,0.51,0.2
2610,PARK COUNTY RE-2,677,1,78,176,247,131,1,0,0.12,0.26,0.36,0.19,679,0,56,123,409,47,1,0,0.08,0.18,0.6,0.07,0,0,0,0,0,0,0,0,0,0,0,0,677,0,23,232,318,60,1,0,0.03,0.34,0.47,0.09,2033,1,157,531,974,238,1,0,0.08,0.26,0.48,0.12
2620,HOLYOKE RE-1J,672,2,90,204,266,110,1,0,0.13,0.3,0.4,0.16,668,2,66,166,396,38,1,0,0.1,0.25,0.59,0.06,0,0,0,0,0,0,0,0,0,0,0,0,672,2,28,268,324,50,1,0,0.04,0.4,0.48,0.07,2012,6,184,638,986,198,1,0,0.09,0.32,0.49,0.1
2630,HAXTUN RE-2J,354,0,54,114,122,64,1,0,0.15,0.32,0.34,0.18,354,0,18,82,238,16,1,0,0.05,0.23,0.67,0.05,0,0,0,0,0,0,0,0,0,0,0,0,354,0,8,164,164,18,1,0,0.02,0.46,0.46,0.05,1062,0,80,360,524,98,1,0,0.08,0.34,0.49,0.09
2640,ASPEN 1,2004,10,137,415,867,515,1,0,0.07,0.21,0.43,0.26,2004,24,50,201,1384,285,1,0.01,0.02,0.1,0.69,0.14,4,0,0,0,0,0,1,0,0,0,0,0,2004,22,22,464,1169,267,1,0.01,0.01,0.23,0.58,0.13,6016,56,209,1080,3420,1067,1,0.01,0.03,0.18,0.57,0.18
2650,GRANADA RE-1,265,0,30,68,84,14,1,0,0.11,0.26,0.32,0.05,265,0,18,44,124,10,1,0,0.07,0.17,0.47,0.04,0,0,0,0,0,0,0,0,0,0,0,0,265,0,4,78,100,14,1,0,0.02,0.29,0.38,0.05,795,0,52,190,308,38,1,0,0.07,0.24,0.39,0.05
2660,LAMAR RE-2,1852,6,325,598,553,297,1,0,0.18,0.32,0.3,0.16,1852,0,208,487,1000,99,1,0,0.11,0.26,0.54,0.05,0,0,0,0,0,0,0,0,0,0,0,0,1848,0,95,812,725,143,1,0,0.05,0.44,0.39,0.08,5552,6,628,1897,2278,539,1,0,0.11,0.34,0.41,0.1
2670,HOLLY RE-3,346,0,44,82,108,82,1,0,0.13,0.24,0.31,0.24,346,0,36,70,192,18,1,0,0.1,0.2,0.55,0.05,0,0,0,0,0,0,0,0,0,0,0,0,348,2,14,120,142,40,1,0.01,0.04,0.34,0.41,0.11,1040,2,94,272,442,140,1,0,0.09,0.26,0.43,0.13
2680,WILEY RE-13 JT,308,0,22,98,114,24,1,0,0.07,0.32,0.37,0.08,306,0,14,44,190,10,1,0,0.05,0.14,0.62,0.03,0,0,0,0,0,0,0,0,0,0,0,0,306,0,6,82,144,26,1,0,0.02,0.27,0.47,0.08,920,0,42,224,448,60,1,0,0.05,0.24,0.49,0.07
2690,PUEBLO CITY 60,21008,438,5061,6763,6227,2512,1,0.02,0.24,0.32,0.3,0.12,20985,427,2290,5647,11828,786,1,0.02,0.11,0.27,0.56,0.04,43,0,0,0,0,0,1,0,0,0,0,0,20999,440,1344,9849,8117,1242,1,0.02,0.06,0.47,0.39,0.06,63035,1305,8695,22259,26172,4540,1,0.02,0.14,0.35,0.42,0.07
2700,PUEBLO COUNTY RURAL 70,10704,34,1459,3242,3860,2054,1,0,0.14,0.3,0.36,0.19,10698,42,728,2101,7031,741,1,0,0.07,0.2,0.66,0.07,22,0,0,0,0,0,1,0,0,0,0,0,10696,46,410,3950,5149,1086,1,0,0.04,0.37,0.48,0.1,32120,122,2597,9293,16040,3881,1,0,0.08,0.29,0.5,0.12
2710,MEEKER RE1,784,0,82,278,250,174,1,0,0.1,0.35,0.32,0.22,790,6,70,114,524,76,1,0.01,0.09,0.14,0.66,0.1,0,0,0,0,0,0,0,0,0,0,0,0,792,2,46,276,356,112,1,0,0.06,0.35,0.45,0.14,2366,8,198,668,1130,362,1,0,0.08,0.28,0.48,0.15
2720,RANGELY RE-4,538,6,112,150,202,68,1,0.01,0.21,0.28,0.38,0.13,532,6,54,136,298,38,1,0.01,0.1,0.26,0.56,0.07,12,0,0,0,0,0,1,0,0,0,0,0,538,6,46,224,226,36,1,0.01,0.09,0.42,0.42,0.07,1620,18,212,510,726,142,1,0.01,0.13,0.31,0.45,0.09
2730,DEL NORTE C-7,746,0,137,271,242,96,1,0,0.18,0.36,0.32,0.13,747,2,60,199,458,28,1,0,0.08,0.27,0.61,0.04,0,0,0,0,0,0,0,0,0,0,0,0,747,2,50,349,304,42,1,0,0.07,0.47,0.41,0.06,2240,4,247,819,1004,166,1,0,0.11,0.37,0.45,0.07
2740,MONTE VISTA C-8,1290,11,307,462,349,110,1,0.01,0.24,0.36,0.27,0.09,1294,16,104,377,686,60,1,0.01,0.08,0.29,0.53,0.05,13,0,0,0,0,0,1,0,0,0,0,0,1292,14,40,611,521,55,1,0.01,0.03,0.47,0.4,0.04,3889,41,451,1450,1556,225,1,0.01,0.12,0.37,0.4,0.06
2750,SARGENT RE-33J,558,8,58,176,224,92,1,0.01,0.1,0.32,0.4,0.16,558,8,26,70,416,38,1,0.01,0.05,0.13,0.75,0.07,12,0,0,0,0,0,1,0,0,0,0,0,558,8,16,168,322,44,1,0.01,0.03,0.3,0.58,0.08,1686,24,100,414,962,174,1,0.01,0.06,0.25,0.57,0.1
2760,HAYDEN RE-1,524,0,86,130,200,108,1,0,0.16,0.25,0.38,0.21,522,0,44,92,350,36,1,0,0.08,0.18,0.67,0.07,0,0,0,0,0,0,0,0,0,0,0,0,522,0,32,196,280,14,1,0,0.06,0.38,0.54,0.03,1568,0,162,418,830,158,1,0,0.1,0.27,0.53,0.1
2770,STEAMBOAT SPRINGS RE-2,2592,8,143,457,1028,924,1,0,0.06,0.18,0.4,0.36,2592,10,99,253,1810,388,1,0,0.04,0.1,0.7,0.15,0,0,0,0,0,0,0,0,0,0,0,0,2594,6,34,627,1478,417,1,0,0.01,0.24,0.57,0.16,7778,24,276,1337,4316,1729,1,0,0.04,0.17,0.55,0.22
2780,SOUTH ROUTT RE 3,434,0,54,134,156,90,1,0,0.12,0.31,0.36,0.21,430,8,38,94,278,12,1,0.02,0.09,0.22,0.65,0.03,14,0,0,0,0,0,1,0,0,0,0,0,430,2,16,214,182,16,1,0,0.04,0.5,0.42,0.04,1308,10,108,442,616,118,1,0.01,0.08,0.34,0.47,0.09
2790,MOUNTAIN VALLEY RE 1,156,0,0,0,0,0,1,0,0,0,0,0,158,0,0,0,0,0,1,0,0,0,0,0,0,0,0,0,0,0,0,0,0,0,0,0,156,0,0,0,0,0,1,0,0,0,0,0,470,0,0,0,0,0,1,0,0,0,0,0
2800,MOFFAT 2,250,0,15,33,22,3,1,0,0.06,0.13,0.09,0.01,246,2,4,14,50,2,1,0.01,0.02,0.06,0.2,0.01,0,0,0,0,0,0,0,0,0,0,0,0,248,1,4,34,33,1,1,0,0.02,0.14,0.13,0,744,3,23,81,105,6,1,0,0.03,0.11,0.14,0.01
2810,CENTER 26 JT,630,4,215,277,118,13,1,0.01,0.34,0.44,0.19,0.02,630,4,104,239,270,10,1,0.01,0.17,0.38,0.43,0.02,8,0,0,0,0,0,1,0,0,0,0,0,632,2,74,394,155,4,1,0,0.12,0.62,0.25,0.01,1900,10,393,910,543,27,1,0.01,0.21,0.48,0.29,0.01
2820,SILVERTON 1,78,0,0,0,0,0,1,0,0,0,0,0,78,0,0,0,0,0,1,0,0,0,0,0,0,0,0,0,0,0,0,0,0,0,0,0,78,0,0,0,0,0,1,0,0,0,0,0,234,0,0,0,0,0,1,0,0,0,0,0
2830,TELLURIDE R-1,802,4,56,156,352,234,1,0,0.07,0.19,0.44,0.29,798,8,36,90,538,126,1,0.01,0.05,0.11,0.67,0.16,0,0,0,0,0,0,0,0,0,0,0,0,798,4,18,226,410,140,1,0.01,0.02,0.28,0.51,0.18,2398,16,110,472,1300,500,1,0.01,0.05,0.2,0.54,0.21
2840,NORWOOD R-2J,310,0,52,84,102,72,1,0,0.17,0.27,0.33,0.23,310,0,8,66,214,22,1,0,0.03,0.21,0.69,0.07,0,0,0,0,0,0,0,0,0,0,0,0,310,0,4,132,146,28,1,0,0.01,0.43,0.47,0.09,930,0,64,282,462,122,1,0,0.07,0.3,0.5,0.13
2862,JULESBURG RE-1,318,0,36,88,116,50,1,0,0.11,0.28,0.36,0.16,318,0,14,58,192,26,1,0,0.04,0.18,0.6,0.08,0,0,0,0,0,0,0,0,0,0,0,0,318,0,4,132,134,20,1,0,0.01,0.42,0.42,0.06,954,0,54,278,442,96,1,0,0.06,0.29,0.46,0.1
2865,PLATTE VALLEY RE-3,124,0,0,0,0,0,1,0,0,0,0,0,124,0,0,0,0,0,1,0,0,0,0,0,0,0,0,0,0,0,0,0,0,0,0,0,124,0,0,0,0,0,1,0,0,0,0,0,372,0,0,0,0,0,1,0,0,0,0,0
3000,SUMMIT RE-1,3370,35,528,855,1166,786,1,0.01,0.16,0.25,0.35,0.23,3360,55,326,596,2077,306,1,0.02,0.1,0.18,0.62,0.09,17,0,0,0,0,0,1,0,0,0,0,0,3358,53,188,1199,1552,366,1,0.02,0.06,0.36,0.46,0.11,10105,143,1042,2650,4795,1458,1,0.01,0.1,0.26,0.47,0.14
3010,CRIPPLE CREEK-VICTOR RE-1,554,0,118,186,186,64,1,0,0.21,0.34,0.34,0.12,558,0,46,122,360,30,1,0,0.08,0.22,0.65,0.05,0,0,0,0,0,0,0,0,0,0,0,0,556,0,22,270,232,32,1,0,0.04,0.49,0.42,0.06,1668,0,186,578,778,126,1,0,0.11,0.35,0.47,0.08
3020,WOODLAND PARK RE-2,3509,24,428,1017,1330,710,1,0.01,0.12,0.29,0.38,0.2,3509,20,174,592,2423,300,1,0.01,0.05,0.17,0.69,0.09,8,0,0,0,0,0,1,0,0,0,0,0,3507,28,100,1245,1808,326,1,0.01,0.03,0.36,0.52,0.09,10533,72,702,2854,5561,1336,1,0.01,0.07,0.27,0.53,0.13
3030,AKRON R-1,472,0,62,174,186,50,1,0,0.13,0.37,0.39,0.11,474,0,14,110,338,12,1,0,0.03,0.23,0.71,0.03,0,0,0,0,0,0,0,0,0,0,0,0,472,0,14,222,220,16,1,0,0.03,0.47,0.47,0.03,1418,0,90,506,744,78,1,0,0.06,0.36,0.52,0.06
3040,ARICKAREE R-2,132,0,0,0,0,0,1,0,0,0,0,0,132,0,0,0,0,0,1,0,0,0,0,0,0,0,0,0,0,0,0,0,0,0,0,0,132,0,0,0,0,0,1,0,0,0,0,0,396,0,0,0,0,0,1,0,0,0,0,0
3050,OTIS R-3,234,0,18,48,46,36,1,0,0.08,0.21,0.2,0.15,232,0,2,24,108,14,1,0,0.01,0.1,0.47,0.06,0,0,0,0,0,0,0,0,0,0,0,0,234,0,0,46,86,16,1,0,0,0.2,0.37,0.07,700,0,20,118,240,66,1,0,0.03,0.17,0.34,0.09
3060,LONE STAR 101,120,0,0,0,0,0,1,0,0,0,0,0,120,0,0,0,0,0,1,0,0,0,0,0,0,0,0,0,0,0,0,0,0,0,0,0,120,0,0,0,0,0,1,0,0,0,0,0,360,0,0,0,0,0,1,0,0,0,0,0
3070,WOODLIN R-104,98,0,0,0,0,0,1,0,0,0,0,0,98,0,0,0,0,0,1,0,0,0,0,0,0,0,0,0,0,0,0,0,0,0,0,0,100,0,0,0,0,0,1,0,0,0,0,0,296,0,0,0,0,0,1,0,0,0,0,0
3080,WELD COUNTY RE-1,2236,20,500,732,688,296,1,0.01,0.22,0.33,0.31,0.13,2240,20,318,506,1310,86,1,0.01,0.14,0.23,0.58,0.04,10,0,0,0,0,0,1,0,0,0,0,0,2238,18,130,1014,922,154,1,0.01,0.06,0.45,0.41,0.07,6724,58,948,2252,2920,536,1,0.01,0.14,0.33,0.43,0.08
3085,EATON RE-2,2072,16,264,478,662,652,1,0.01,0.13,0.23,0.32,0.31,2074,14,134,342,1380,204,1,0.01,0.06,0.16,0.67,0.1,2,0,0,0,0,0,1,0,0,0,0,0,2072,4,54,718,1040,256,1,0,0.03,0.35,0.5,0.12,6220,34,452,1538,3082,1112,1,0.01,0.07,0.25,0.5,0.18
3090,KEENESBURG RE-3(J),2611,20,457,905,777,442,1,0.01,0.18,0.35,0.3,0.17,2607,20,259,621,1556,141,1,0.01,0.1,0.24,0.6,0.05,6,0,0,0,0,0,1,0,0,0,0,0,2609,24,130,1110,1132,203,1,0.01,0.05,0.43,0.43,0.08,7833,64,846,2636,3465,786,1,0.01,0.11,0.34,0.44,0.1
3100,WINDSOR RE-4,4574,12,533,1220,1671,1123,1,0,0.12,0.27,0.37,0.25,4577,18,274,762,3100,408,1,0,0.06,0.17,0.68,0.09,2,0,0,0,0,0,1,0,0,0,0,0,4575,16,78,1578,2267,621,1,0,0.02,0.34,0.5,0.14,13728,46,885,3560,7038,2152,1,0,0.06,0.26,0.51,0.16
3110,JOHNSTOWN-MILLIKEN RE-5J,3398,10,558,1076,1210,544,1,0,0.16,0.32,0.36,0.16,3392,12,320,786,2080,194,1,0,0.09,0.23,0.61,0.06,1,0,0,0,0,0,1,0,0,0,0,0,3394,10,144,1386,1592,262,1,0,0.04,0.41,0.47,0.08,10185,32,1022,3248,4882,1000,1,0,0.1,0.32,0.48,0.1
3120,GREELEY 6,21497,276,5896,6948,5914,2439,1,0.01,0.27,0.32,0.28,0.11,21479,337,3283,5542,11194,1100,1,0.02,0.15,0.26,0.52,0.05,50,0,0,0,0,0,1,0,0,0,0,0,21473,306,1951,9891,7803,1498,1,0.01,0.09,0.46,0.36,0.07,64499,919,11130,22381,24911,5037,1,0.01,0.17,0.35,0.39,0.08
3130,PLATTE VALLEY RE-7,1382,4,254,448,432,244,1,0,0.18,0.32,0.31,0.18,1378,8,138,376,782,74,1,0.01,0.1,0.27,0.57,0.05,2,0,0,0,0,0,1,0,0,0,0,0,1382,4,48,606,622,102,1,0,0.03,0.44,0.45,0.07,4144,16,440,1430,1836,420,1,0,0.11,0.35,0.44,0.1
3140,WELD COUNTY S/D RE-8,2630,28,696,837,703,366,1,0.01,0.26,0.32,0.27,0.14,2639,35,497,807,1204,96,1,0.01,0.19,0.31,0.46,0.04,17,0,0,0,0,0,1,0,0,0,0,0,2657,51,226,1407,845,128,1,0.02,0.09,0.53,0.32,0.05,7943,114,1419,3051,2752,590,1,0.01,0.18,0.38,0.35,0.07
3145,AULT-HIGHLAND RE-9,1070,30,164,328,380,168,1,0.03,0.15,0.31,0.36,0.16,1068,30,106,258,620,54,1,0.03,0.1,0.24,0.58,0.05,24,0,0,0,0,0,1,0,0,0,0,0,1070,30,60,506,422,52,1,0.03,0.06,0.47,0.39,0.05,3232,90,330,1092,1422,274,1,0.03,0.1,0.34,0.44,0.08
3146,BRIGGSDALE RE-10,158,0,0,0,0,0,1,0,0,0,0,0,156,0,0,0,0,0,1,0,0,0,0,0,0,0,0,0,0,0,0,0,0,0,0,0,158,0,0,0,0,0,1,0,0,0,0,0,472,0,0,0,0,0,1,0,0,0,0,0
3147,PRAIRIE RE-11,196,0,0,0,0,0,1,0,0,0,0,0,196,0,0,0,0,0,1,0,0,0,0,0,0,0,0,0,0,0,0,0,0,0,0,0,196,0,0,0,0,0,1,0,0,0,0,0,588,0,0,0,0,0,1,0,0,0,0,0
3148,PAWNEE RE-12,154,0,0,0,0,0,1,0,0,0,0,0,154,0,0,0,0,0,1,0,0,0,0,0,0,0,0,0,0,0,0,0,0,0,0,0,154,0,0,0,0,0,1,0,0,0,0,0,462,0,0,0,0,0,1,0,0,0,0,0
3200,YUMA 1,976,6,164,372,312,122,1,0.01,0.17,0.38,0.32,0.13,968,10,120,240,556,42,1,0.01,0.12,0.25,0.57,0.04,2,0,0,0,0,0,1,0,0,0,0,0,968,8,48,448,408,56,1,0.01,0.05,0.46,0.42,0.06,2914,24,332,1060,1276,220,1,0.01,0.11,0.36,0.44,0.08
3210,WRAY RD-2,740,0,138,226,252,124,1,0,0.19,0.31,0.34,0.17,744,0,84,162,446,52,1,0,0.11,0.22,0.6,0.07,0,0,0,0,0,0,0,0,0,0,0,0,742,4,48,294,336,60,1,0.01,0.06,0.4,0.45,0.08,2226,4,270,682,1034,236,1,0,0.12,0.31,0.46,0.11
3220,IDALIA RJ-3,160,0,0,0,0,0,1,0,0,0,0,0,160,0,0,0,0,0,1,0,0,0,0,0,0,0,0,0,0,0,0,0,0,0,0,0,160,0,0,0,0,0,1,0,0,0,0,0,480,0,0,0,0,0,1,0,0,0,0,0
3230,LIBERTY J-4,116,0,0,0,0,0,1,0,0,0,0,0,116,0,0,0,0,0,1,0,0,0,0,0,0,0,0,0,0,0,0,0,0,0,0,0,116,0,0,0,0,0,1,0,0,0,0,0,348,0,0,0,0,0,1,0,0,0,0,0
8001,CHARTER SCHOOL INSTITUTE,4582,42,634,1480,1557,683,1,0.01,0.14,0.32,0.34,0.15,4590,38,348,983,2813,221,1,0.01,0.08,0.21,0.61,0.05,7,0,0,0,0,0,1,0,0,0,0,0,4586,36,194,1883,1949,338,1,0.01,0.04,0.41,0.42,0.07,13765,116,1176,4346,6319,1242,1,0.01,0.09,0.32,0.46,0.09
9000,COLORADO SCHOOL FOR THE DEAF AND BLIND,106,0,0,0,0,0,1,0,0,0,0,0,102,0,0,0,0,0,1,0,0,0,0,0,0,0,0,0,0,0,0,0,0,0,0,0,104,0,0,0,0,0,1,0,0,0,0,0,312,0,0,0,0,0,1,0,0,0,0,0
9030,MOUNTAIN BOCES,132,3,49,15,2,0,1,0.02,0.37,0.11,0.02,0,132,4,20,20,23,2,1,0.03,0.15,0.15,0.17,0.02,6,0,0,0,0,0,1,0,0,0,0,0,132,3,18,39,9,0,1,0.02,0.14,0.3,0.07,0,402,10,87,74,34,2,1,0.02,0.22,0.18,0.08,0
9035,CENTENNIAL BOCES,36,0,0,0,0,0,1,0,0,0,0,0,36,0,0,0,0,0,1,0,0,0,0,0,0,0,0,0,0,0,0,0,0,0,0,0,36,0,0,0,0,0,1,0,0,0,0,0,108,0,0,0,0,0,1,0,0,0,0,0
9095,NORTHWEST COLO BOCES,16,0,0,0,0,0,1,0,0,0,0,0,16,0,0,0,0,0,1,0,0,0,0,0,0,0,0,0,0,0,0,0,0,0,0,0,16,0,0,0,0,0,1,0,0,0,0,0,48,0,0,0,0,0,1,0,0,0,0,0
9130,EXPEDITIONARY BOCES,436,0,48,188,152,48,1,0,0.11,0.43,0.35,0.11,436,0,8,50,352,26,1,0,0.02,0.11,0.81,0.06,0,0,0,0,0,0,0,0,0,0,0,0,436,0,2,192,222,20,1,0,0,0.44,0.51,0.05,1308,0,58,430,726,94,1,0,0.04,0.33,0.56,0.07