County_Name,District_Number,District,Students_with_Disabilities_Final_Grad_Base,Students_with_Disabilities_Graduates_Total,Students_with_Disabilities_Graduation_Rate,Students_with_Disabilities_Completers_Total,Students_with_Disabilities_Completion_Rate,Limited_English_Proficient_Final_Grad_Base,Limited_English_Proficient_Graduates_Total,Limited_English_Proficient_Graduation_Rate,Limited_English_Proficient_Completers_Total,Limited_English_Proficient_Completion_Rate,Econ_Disadvant_Final_Grad_Base,Econ_Disadvant_Graduates_Total,Econ_Disadvant_Graduation_Rate,Econ_Disadvant_Completers_Total,Econ_Disadvant_Completion_Rate,Migrant_Final_Grad_Base,Migrant_Graduates_Total,Migrant_Graduation_Rate,Migrant_Completers_Total,Migrant_Completion_Rate,Title_1_Final_Grad_Base,Title_1_Graduates_Total,Title_1_Graduation_Rate,Title_1_Completers_Total,Title_1_Completion_Rate,Homeless_Final_Grad_Base,Homeless_Graduates_Total,Homeless_Graduation_Rate,Homeless_Completers_Total,Homeless_Completion_Rate,Gifted_Talented_Final_Grad_Base,Gifted_Talented_Graduates_Total,Gifted_Talented_Graduation_Rate,Gifted_Talented_Completers_Total,Gifted_Talented_Completion_Rate,Base_Total,Graduates_Total,Completers_Total,Base_Pct,Graduates_Pct,Completers_Pct
EL PASO,1040,ACADEMY 20,111,65,58.6,69,62.2,28,21,75,21,75,276,210,76.1,216,78.3,0,0,0,0,0,2,2,100,2,100,11,6,54.5,6,54.5,294,287,97.6,290,98.6,722,591,604,1,0.82,0.84
ADAMS,20,ADAMS 12 FIVE STAR SCHOOLS,250,118,47.2,127,50.8,379,257,67.8,261,68.9,1100,627,57,673,61.2,25,12,48,12,48,224,80,35.7,98,43.8,106,62,58.5,65,61.3,227,201,88.5,208,91.6,2311,1357,1444,1,0.59,0.62
ADAMS,30,ADAMS COUNTY 14,59,32,54.2,32,54.2,170,86,50.6,88,51.8,469,309,65.9,316,67.4,13,4,30.8,4,30.8,419,296,70.6,301,71.8,99,52,52.5,57,57.6,30,27,90,27,90,1259,806,825,1,0.64,0.66
ARAPAHOE,180,ADAMS-ARAPAHOE 28J,269,75,27.9,75,27.9,1039,303,29.2,306,29.5,2004,901,45,931,46.5,15,5,33.3,6,40,212,76,35.8,79,37.3,148,55,37.2,55,37.2,209,158,75.6,161,77,3896,1573,1613,1,0.4,0.41
ELBERT,960,AGATE 300,0,0,0,0,0,0,0,0,0,0,0,0,0,0,0,0,0,0,0,0,0,0,0,0,0,0,0,0,0,0,0,0,0,0,0,0,0,0,0,0,0
LAS ANIMAS,1620,AGUILAR REORGANIZED 6,3,0,0,0,0,0,0,0,0,0,12,6,50,6,50,0,0,0,0,0,13,7,53.8,7,53.8,1,0,0,0,0,0,0,0,0,0,29,13,13,1,0.45,0.45
WASHINGTON,3030,AKRON R-1,4,3,75,3,75,1,1,100,1,100,17,16,94.1,16,94.1,1,1,100,1,100,0,0,0,0,0,1,1,100,1,100,1,1,100,1,100,25,23,23,1,0.92,0.92
ALAMOSA,100,ALAMOSA RE-11J,14,12,85.7,13,92.9,26,19,73.1,19,73.1,118,79,66.9,82,69.5,11,4,36.4,4,36.4,5,1,20,1,20,6,6,100,6,100,0,0,0,0,0,180,121,125,1,0.67,0.69
ARCHULETA,220,ARCHULETA COUNTY 50 JT,11,5,45.5,5,45.5,0,0,0,0,0,59,38,64.4,40,67.8,0,0,0,0,0,0,0,0,0,0,5,1,20,1,20,12,10,83.3,11,91.7,87,54,57,1,0.62,0.66
WASHINGTON,3040,ARICKAREE R-2,0,0,0,0,0,0,0,0,0,0,0,0,0,0,0,0,0,0,0,0,0,0,0,0,0,0,0,0,0,0,0,0,0,0,0,0,0,0,0,0,0
KIT CARSON,1450,ARRIBA-FLAGLER C-20,1,1,100,1,100,0,0,0,0,0,3,2,66.7,2,66.7,0,0,0,0,0,0,0,0,0,0,0,0,0,0,0,1,1,100,1,100,5,4,4,1,0.8,0.8
PITKIN,2640,ASPEN 1,8,6,75,8,100,10,6,60,6,60,16,13,81.3,14,87.5,0,0,0,0,0,0,0,0,0,0,0,0,0,0,0,4,4,100,4,100,38,29,32,1,0.76,0.84
WELD,3145,AULT-HIGHLAND RE-9,7,7,100,7,100,7,7,100,7,100,37,35,94.6,37,100,1,1,100,1,100,0,0,0,0,0,5,5,100,5,100,4,4,100,4,100,61,59,61,1,0.97,1
LA PLATA,1530,BAYFIELD 10 JT-R,4,4,100,4,100,1,1,100,1,100,15,12,80,13,86.7,0,0,0,0,0,0,0,0,0,0,0,0,0,0,0,9,9,100,9,100,29,26,27,1,0.9,0.93
ADAMS,50,BENNETT 29J,6,3,50,3,50,3,2,66.7,2,66.7,21,17,81,17,81,0,0,0,0,0,3,1,33.3,1,33.3,0,0,0,0,0,13,13,100,13,100,46,36,36,1,0.78,0.78
KIT CARSON,1490,BETHUNE R-5,0,0,0,0,0,1,1,100,1,100,7,7,100,7,100,1,1,100,1,100,0,0,0,0,0,0,0,0,0,0,2,2,100,2,100,11,11,11,1,1,1
ELBERT,940,BIG SANDY 100J,4,4,100,4,100,0,0,0,0,0,14,13,92.9,13,92.9,0,0,0,0,0,0,0,0,0,0,0,0,0,0,0,0,0,0,0,0,18,17,17,1,0.94,0.94
BOULDER,480,BOULDER VALLEY RE 2,230,160,69.6,163,70.9,140,99,70.7,101,72.1,508,374,73.6,387,76.2,5,4,80,4,80,10,5,50,6,60,133,85,63.9,86,64.7,362,343,94.8,352,97.2,1388,1070,1099,1,0.77,0.79
LAS ANIMAS,1750,BRANSON REORGANIZED 82,2,0,0,0,0,0,0,0,0,0,19,7,36.8,8,42.1,0,0,0,0,0,2,1,50,2,100,1,0,0,0,0,1,1,100,1,100,25,9,11,1,0.36,0.44
WELD,3146,BRIGGSDALE RE-10,1,1,100,1,100,0,0,0,0,0,8,8,100,8,100,0,0,0,0,0,0,0,0,0,0,0,0,0,0,0,0,0,0,0,0,9,9,9,1,1,1
ADAMS,40,BRIGHTON 27J,66,33,50,35,53,110,63,57.3,66,60,338,215,63.6,229,67.8,10,5,50,6,60,18,10,55.6,10,55.6,41,21,51.2,21,51.2,63,51,81,52,82.5,646,398,419,1,0.62,0.65
MORGAN,2395,BRUSH RE-2(J),10,6,60,7,70,10,8,80,8,80,61,44,72.1,50,82,4,3,75,3,75,2,2,100,2,100,6,2,33.3,4,66.7,7,7,100,7,100,100,72,81,1,0.72,0.81
CHAFFEE,490,BUENA VISTA R-31,8,6,75,7,87.5,0,0,0,0,0,34,26,76.5,27,79.4,0,0,0,0,0,4,3,75,3,75,1,0,0,0,0,6,6,100,6,100,53,41,43,1,0.77,0.81
LOGAN,1860,BUFFALO RE-4J,2,2,100,2,100,0,0,0,0,0,10,10,100,10,100,0,0,0,0,0,0,0,0,0,0,0,0,0,0,0,0,0,0,0,0,12,12,12,1,1,1
KIT CARSON,1500,BURLINGTON RE-6J,8,4,50,4,50,15,11,73.3,11,73.3,31,24,77.4,24,77.4,7,4,57.1,4,57.1,1,1,100,1,100,5,3,60,3,60,2,2,100,2,100,69,49,49,1,0.71,0.71
ARAPAHOE,190,BYERS 32J,3,3,100,3,100,0,0,0,0,0,10,10,100,10,100,0,0,0,0,0,1,1,100,1,100,1,1,100,1,100,1,1,100,1,100,16,16,16,1,1,1
EL PASO,970,CALHAN RJ-1,5,4,80,4,80,0,0,0,0,0,23,21,91.3,21,91.3,0,0,0,0,0,6,6,100,6,100,1,1,100,1,100,5,5,100,5,100,40,37,37,1,0.93,0.93
BACA,270,CAMPO RE-6,1,1,100,1,100,0,0,0,0,0,3,3,100,3,100,0,0,0,0,0,1,1,100,1,100,0,0,0,0,0,1,1,100,1,100,6,6,6,1,1,1
FREMONT,1140,CANON CITY RE-1,42,22,52.4,22,52.4,0,0,0,0,0,171,94,55,108,63.2,0,0,0,0,0,11,4,36.4,8,72.7,5,0,0,2,40,26,24,92.3,24,92.3,255,144,164,1,0.56,0.64
COLORADO BOCS,9035,CENTENNIAL BOCES,6,1,16.7,1,16.7,4,1,25,2,50,14,5,35.7,6,42.9,0,0,0,0,0,0,0,0,0,0,1,0,0,0,0,0,0,0,0,0,25,7,9,1,0.28,0.36
COSTILLA,640,CENTENNIAL R-1,1,1,100,1,100,10,10,100,10,100,14,13,92.9,13,92.9,0,0,0,0,0,17,15,88.2,15,88.2,4,4,100,4,100,0,0,0,0,0,46,43,43,1,0.93,0.93
SAGUACHE,2810,CENTER 26 JT,6,3,50,3,50,10,6,60,6,60,36,27,75,27,75,6,3,50,3,50,8,5,62.5,5,62.5,3,2,66.7,2,66.7,1,1,100,1,100,70,47,47,1,0.67,0.67
NONE,8001,CHARTER SCHOOL INSTITUTE,111,16,14.4,17,15.3,141,31,22,34,24.1,760,166,21.8,185,24.3,10,3,30,3,30,747,176,23.6,195,26.1,121,11,9.1,11,9.1,47,23,48.9,27,57.4,1937,426,472,1,0.22,0.24
OTERO,2560,CHERAW 31,1,0,0,0,0,0,0,0,0,0,10,8,80,8,80,0,0,0,0,0,2,1,50,1,50,1,1,100,1,100,5,5,100,5,100,19,15,15,1,0.79,0.79
ARAPAHOE,130,CHERRY CREEK 5,412,264,64.1,270,65.5,219,176,80.4,177,80.8,1100,894,81.3,915,83.2,1,1,100,1,100,67,53,79.1,56,83.6,16,12,75,12,75,343,328,95.6,330,96.2,2158,1728,1761,1,0.8,0.82
CHEYENNE,520,CHEYENNE COUNTY RE-5,1,0,0,0,0,1,1,100,1,100,7,5,71.4,6,85.7,2,2,100,2,100,0,0,0,0,0,0,0,0,0,0,0,0,0,0,0,11,8,9,1,0.73,0.82
EL PASO,1020,CHEYENNE MOUNTAIN 12,20,16,80,17,85,2,2,100,2,100,30,23,76.7,24,80,0,0,0,0,0,1,1,100,1,100,1,0,0,0,0,62,61,98.4,61,98.4,116,103,105,1,0.89,0.91
CLEAR CREEK,540,CLEAR CREEK RE-1,7,6,85.7,6,85.7,2,2,100,2,100,22,18,81.8,18,81.8,0,0,0,0,0,0,0,0,0,0,0,0,0,0,0,16,16,100,16,100,47,42,42,1,0.89,0.89
EL PASO,1010,COLORADO SPRINGS 11,189,66,34.9,69,36.5,125,60,48,63,50.4,1142,621,54.4,678,59.4,1,0,0,0,0,47,17,36.2,20,42.6,88,34,38.6,37,42,250,225,90,231,92.4,1842,1023,1098,1,0.56,0.6
FREMONT,1160,COTOPAXI RE-3,2,1,50,1,50,0,0,0,0,0,10,8,80,9,90,0,0,0,0,0,14,11,78.6,12,85.7,0,0,0,0,0,2,2,100,2,100,28,22,24,1,0.79,0.86
MINERAL,2010,CREEDE SCHOOL DISTRICT,0,0,0,0,0,0,0,0,0,0,2,1,50,1,50,0,0,0,0,0,9,8,88.9,8,88.9,0,0,0,0,0,0,0,0,0,0,11,9,9,1,0.82,0.82
TELLER,3010,CRIPPLE CREEK-VICTOR RE-1,4,2,50,2,50,0,0,0,0,0,34,24,70.6,25,73.5,0,0,0,0,0,0,0,0,0,0,13,9,69.2,9,69.2,2,1,50,1,50,53,36,37,1,0.68,0.7
CROWLEY,770,CROWLEY COUNTY RE-1-J,4,3,75,3,75,0,0,0,0,0,31,28,90.3,30,96.8,0,0,0,0,0,38,36,94.7,37,97.4,1,1,100,1,100,0,0,0,0,0,74,68,71,1,0.92,0.96
CUSTER,860,CUSTER COUNTY SCHOOL DISTRICT C-1,5,5,100,5,100,0,0,0,0,0,20,18,90,18,90,0,0,0,0,0,0,0,0,0,0,0,0,0,0,0,7,6,85.7,6,85.7,32,29,29,1,0.91,0.91
MESA,1980,DE BEQUE 49JT,0,0,0,0,0,0,0,0,0,0,4,3,75,3,75,0,0,0,0,0,0,0,0,0,0,0,0,0,0,0,2,2,100,2,100,6,5,5,1,0.83,0.83
ARAPAHOE,170,DEER TRAIL 26J,4,3,75,3,75,0,0,0,0,0,11,10,90.9,10,90.9,0,0,0,0,0,0,0,0,0,0,0,0,0,0,0,0,0,0,0,0,15,13,13,1,0.87,0.87
RIO GRANDE,2730,DEL NORTE C-7,5,5,100,5,100,2,1,50,1,50,26,21,80.8,22,84.6,1,0,0,0,0,0,0,0,0,0,0,0,0,0,0,2,2,100,2,100,36,29,30,1,0.81,0.83
DELTA,870,DELTA COUNTY 50(J),44,30,68.2,30,68.2,30,22,73.3,22,73.3,238,188,79,193,81.1,5,5,100,5,100,2,0,0,0,0,10,4,40,5,50,40,39,97.5,39,97.5,369,288,294,1,0.78,0.8
DENVER,880,DENVER COUNTY 1,614,235,38.3,254,41.4,1000,527,52.7,543,54.3,3745,2010,53.7,2153,57.5,42,21,50,23,54.8,3581,1893,52.9,2036,56.9,283,95,33.6,106,37.5,905,720,79.6,747,82.5,10170,5501,5862,1,0.54,0.58
DOLORES,890,DOLORES COUNTY RE NO.2,1,1,100,1,100,0,0,0,0,0,11,9,81.8,10,90.9,0,0,0,0,0,2,2,100,2,100,0,0,0,0,0,1,1,100,1,100,15,13,14,1,0.87,0.93
MONTEZUMA,2055,DOLORES RE-4A,1,0,0,0,0,2,1,50,2,100,21,17,81,18,85.7,0,0,0,0,0,0,0,0,0,0,0,0,0,0,0,4,4,100,4,100,28,22,24,1,0.79,0.86
DOUGLAS,900,DOUGLAS COUNTY RE 1,331,220,66.5,227,68.6,82,61,74.4,62,75.6,534,346,64.8,368,68.9,1,0,0,0,0,329,252,76.6,265,80.5,79,44,55.7,49,62,266,262,98.5,265,99.6,1622,1185,1236,1,0.73,0.76
LA PLATA,1520,DURANGO 9-R,34,22,64.7,23,67.6,5,2,40,2,40,116,67,57.8,80,69,0,0,0,0,0,0,0,0,0,0,3,0,0,2,66.7,49,47,95.9,48,98,207,138,155,1,0.67,0.75
KIOWA,1430,EADS RE-1,0,0,0,0,0,0,0,0,0,0,9,8,88.9,9,100,0,0,0,0,0,0,0,0,0,0,0,0,0,0,0,3,3,100,3,100,12,11,12,1,0.92,1
EAGLE,910,EAGLE COUNTY RE 50,31,18,58.1,18,58.1,142,68,47.9,68,47.9,149,113,75.8,113,75.8,2,2,100,2,100,1,0,0,0,0,11,7,63.6,7,63.6,45,43,95.6,44,97.8,381,251,252,1,0.66,0.66
GRAND,1350,EAST GRAND 2,4,1,25,2,50,9,4,44.4,4,44.4,27,11,40.7,17,63,1,1,100,1,100,1,1,100,1,100,1,0,0,0,0,6,5,83.3,5,83.3,49,23,30,1,0.47,0.61
OTERO,2520,EAST OTERO R-1,13,7,53.8,7,53.8,3,2,66.7,2,66.7,78,65,83.3,69,88.5,0,0,0,0,0,22,11,50,14,63.6,0,0,0,0,0,2,2,100,2,100,118,87,94,1,0.74,0.8
WELD,3085,EATON RE-2,2,1,50,1,50,3,2,66.7,2,66.7,26,21,80.8,22,84.6,0,0,0,0,0,0,0,0,0,0,2,2,100,2,100,13,13,100,13,100,46,39,40,1,0.85,0.87
EL PASO,1120,EDISON 54 JT,2,2,100,2,100,0,0,0,0,0,8,6,75,6,75,0,0,0,0,0,3,3,100,3,100,0,0,0,0,0,5,3,60,3,60,18,14,14,1,0.78,0.78
ELBERT,950,ELBERT 200,2,1,50,1,50,0,0,0,0,0,4,2,50,2,50,0,0,0,0,0,0,0,0,0,0,0,0,0,0,0,3,3,100,3,100,9,6,6,1,0.67,0.67
ELBERT,920,ELIZABETH C-1,12,10,83.3,10,83.3,4,1,25,1,25,36,29,80.6,29,80.6,0,0,0,0,0,0,0,0,0,0,0,0,0,0,0,24,23,95.8,23,95.8,76,63,63,1,0.83,0.83
EL PASO,1050,ELLICOTT 22,4,1,25,1,25,1,1,100,1,100,37,30,81.1,31,83.8,1,1,100,1,100,24,23,95.8,23,95.8,2,1,50,1,50,1,1,100,1,100,70,58,59,1,0.83,0.84
ARAPAHOE,120,ENGLEWOOD 1,52,21,40.4,21,40.4,8,4,50,4,50,191,76,39.8,85,44.5,0,0,0,0,0,50,13,26,15,30,30,9,30,12,40,22,11,50,12,54.5,353,134,149,1,0.38,0.42
COLORADO BOCS,9130,EXPEDITIONARY BOCES,2,2,100,2,100,0,0,0,0,0,3,3,100,3,100,0,0,0,0,0,0,0,0,0,0,0,0,0,0,0,0,0,0,0,0,5,5,5,1,1,1
EL PASO,1110,FALCON 49,78,50,64.1,50,64.1,23,18,78.3,18,78.3,258,213,82.6,213,82.6,0,0,0,0,0,2,1,50,1,50,7,6,85.7,6,85.7,86,83,96.5,83,96.5,454,371,371,1,0.82,0.82
MORGAN,2405,FORT MORGAN RE-3,16,7,43.8,8,50,74,34,45.9,40,54.1,159,99,62.3,116,73,22,8,36.4,9,40.9,9,4,44.4,6,66.7,13,3,23.1,3,23.1,19,19,100,19,100,312,174,201,1,0.56,0.64
EL PASO,1000,FOUNTAIN 8,32,23,71.9,23,71.9,9,8,88.9,8,88.9,161,122,75.8,124,77,0,0,0,0,0,3,2,66.7,2,66.7,39,26,66.7,26,66.7,1,1,100,1,100,245,182,184,1,0.74,0.75
OTERO,2540,FOWLER R-4J,2,2,100,2,100,0,0,0,0,0,12,12,100,12,100,0,0,0,0,0,0,0,0,0,0,0,0,0,0,0,2,2,100,2,100,16,16,16,1,1,1
FREMONT,1150,FREMONT RE-2,9,7,77.8,7,77.8,1,1,100,1,100,60,47,78.3,51,85,0,0,0,0,0,28,24,85.7,26,92.9,1,1,100,1,100,9,8,88.9,9,100,108,88,95,1,0.81,0.88
LOGAN,1850,FRENCHMAN RE-3,2,2,100,2,100,0,0,0,0,0,3,3,100,3,100,0,0,0,0,0,0,0,0,0,0,0,0,0,0,0,3,3,100,3,100,8,8,8,1,1,1
GARFIELD,1220,GARFIELD 16,4,3,75,3,75,7,6,85.7,6,85.7,48,36,75,37,77.1,1,1,100,1,100,0,0,0,0,0,1,1,100,1,100,1,1,100,1,100,62,48,49,1,0.77,0.79
GARFIELD,1195,GARFIELD RE-2,21,16,76.2,16,76.2,44,28,63.6,32,72.7,149,90,60.4,111,74.5,0,0,0,0,0,7,0,0,2,28.6,6,5,83.3,6,100,18,16,88.9,18,100,245,155,185,1,0.63,0.76
LINCOLN,1780,GENOA-HUGO C113,2,0,0,0,0,0,0,0,0,0,10,4,40,4,40,0,0,0,0,0,1,0,0,0,0,0,0,0,0,0,0,0,0,0,0,13,4,4,1,0.31,0.31
GILPIN,1330,GILPIN COUNTY RE-1,5,2,40,2,40,1,1,100,1,100,8,5,62.5,5,62.5,0,0,0,0,0,0,0,0,0,0,1,1,100,1,100,2,2,100,2,100,17,11,11,1,0.65,0.65
PROWERS,2650,GRANADA RE-1,1,1,100,1,100,2,2,100,2,100,9,9,100,9,100,0,0,0,0,0,0,0,0,0,0,1,1,100,1,100,3,3,100,3,100,16,16,16,1,1,1
WELD,3120,GREELEY 6,148,93,62.8,97,65.5,201,149,74.1,150,74.6,794,571,71.9,600,75.6,43,34,79.1,34,79.1,85,47,55.3,48,56.5,76,47,61.8,50,65.8,146,140,95.9,143,97.9,1493,1081,1122,1,0.72,0.75
GUNNISON,1360,GUNNISON WATERSHED RE1J,9,6,66.7,7,77.8,10,5,50,5,50,26,20,76.9,20,76.9,2,1,50,1,50,0,0,0,0,0,0,0,0,0,0,11,11,100,11,100,58,43,44,1,0.74,0.76
EL PASO,1070,HANOVER 28,2,2,100,2,100,2,2,100,2,100,12,10,83.3,10,83.3,1,1,100,1,100,14,12,85.7,12,85.7,2,2,100,2,100,0,0,0,0,0,33,29,29,1,0.88,0.88
EL PASO,980,HARRISON 2,48,28,58.3,28,58.3,66,44,66.7,44,66.7,385,287,74.5,293,76.1,1,1,100,1,100,6,4,66.7,4,66.7,8,6,75,6,75,48,44,91.7,44,91.7,562,414,420,1,0.74,0.75
PHILLIPS,2630,HAXTUN RE-2J,3,2,66.7,3,100,0,0,0,0,0,8,7,87.5,8,100,0,0,0,0,0,0,0,0,0,0,0,0,0,0,0,3,3,100,3,100,14,12,14,1,0.86,1
ROUTT,2760,HAYDEN RE-1,7,6,85.7,6,85.7,0,0,0,0,0,8,7,87.5,7,87.5,0,0,0,0,0,0,0,0,0,0,0,0,0,0,0,0,0,0,0,0,15,13,13,1,0.87,0.87
HINSDALE,1380,HINSDALE COUNTY RE 1,1,1,100,1,100,0,0,0,0,0,0,0,0,0,0,0,0,0,0,0,1,1,100,1,100,0,0,0,0,0,1,1,100,1,100,3,3,3,1,1,1
KIT CARSON,1460,HI-PLAINS R-23,2,1,50,1,50,0,0,0,0,0,5,4,80,4,80,0,0,0,0,0,0,0,0,0,0,0,0,0,0,0,0,0,0,0,0,7,5,5,1,0.71,0.71
LAS ANIMAS,1600,HOEHNE REORGANIZED 3,1,1,100,1,100,0,0,0,0,0,8,8,100,8,100,0,0,0,0,0,0,0,0,0,0,1,1,100,1,100,1,1,100,1,100,11,11,11,1,1,1
PROWERS,2670,HOLLY RE-3,2,2,100,2,100,3,3,100,3,100,13,13,100,13,100,1,1,100,1,100,2,2,100,2,100,0,0,0,0,0,4,4,100,4,100,25,25,25,1,1,1
PHILLIPS,2620,HOLYOKE RE-1J,3,2,66.7,2,66.7,6,3,50,3,50,23,17,73.9,17,73.9,2,1,50,1,50,3,3,100,3,100,0,0,0,0,0,3,3,100,3,100,40,29,29,1,0.73,0.73
HUERFANO,1390,HUERFANO RE-1,5,4,80,5,100,0,0,0,0,0,33,25,75.8,28,84.8,0,0,0,0,0,4,3,75,3,75,0,0,0,0,0,5,5,100,5,100,47,37,41,1,0.79,0.87
YUMA,3220,IDALIA RJ-3,1,1,100,1,100,0,0,0,0,0,8,8,100,8,100,0,0,0,0,0,0,0,0,0,0,0,0,0,0,0,1,1,100,1,100,10,10,10,1,1,1
LA PLATA,1540,IGNACIO 11 JT,8,3,37.5,3,37.5,2,2,100,2,100,31,22,71,22,71,0,0,0,0,0,1,1,100,1,100,1,0,0,0,0,6,6,100,6,100,49,34,34,1,0.69,0.69
JEFFERSON,1420,JEFFERSON COUNTY R-1,602,378,62.8,392,65.1,398,205,51.5,209,52.5,2090,1351,64.6,1423,68.1,12,3,25,3,25,295,157,53.2,165,55.9,247,144,58.3,151,61.1,933,891,95.5,900,96.5,4577,3129,3243,1,0.68,0.71
WELD,3110,JOHNSTOWN-MILLIKEN RE-5J,8,7,87.5,7,87.5,15,10,66.7,11,73.3,69,43,62.3,50,72.5,2,1,50,1,50,1,1,100,1,100,1,1,100,1,100,5,5,100,5,100,101,68,76,1,0.67,0.75
SEDGWICK,2862,JULESBURG RE-1,44,3,6.8,6,13.6,14,1,7.1,4,28.6,219,33,15.1,62,28.3,2,0,0,0,0,39,1,2.6,6,15.4,18,3,16.7,4,22.2,16,8,50,9,56.3,352,49,91,1,0.14,0.26
LINCOLN,1810,KARVAL RE-23,2,1,50,1,50,1,0,0,0,0,20,11,55,13,65,0,0,0,0,0,3,1,33.3,2,66.7,3,2,66.7,2,66.7,1,1,100,1,100,30,16,19,1,0.53,0.63
WELD,3090,KEENESBURG RE-3(J),12,9,75,9,75,20,19,95,19,95,65,59,90.8,59,90.8,5,5,100,5,100,1,0,0,0,0,5,4,80,4,80,8,8,100,8,100,116,104,104,1,0.9,0.9
LAS ANIMAS,1760,KIM REORGANIZED 88,0,0,0,0,0,0,0,0,0,0,3,3,100,3,100,0,0,0,0,0,0,0,0,0,0,0,0,0,0,0,1,1,100,1,100,4,4,4,1,1,1
ELBERT,930,KIOWA C-2,1,1,100,1,100,2,2,100,2,100,10,10,100,10,100,0,0,0,0,0,0,0,0,0,0,2,2,100,2,100,1,1,100,1,100,16,16,16,1,1,1
CHEYENNE,510,KIT CARSON R-1,1,0,0,0,0,0,0,0,0,0,3,2,66.7,2,66.7,0,0,0,0,0,0,0,0,0,0,0,0,0,0,0,1,1,100,1,100,5,3,3,1,0.6,0.6
HUERFANO,1400,LA VETA RE-2,2,2,100,2,100,1,0,0,0,0,9,8,88.9,8,88.9,0,0,0,0,0,0,0,0,0,0,0,0,0,0,0,2,2,100,2,100,14,12,12,1,0.86,0.86
LAKE,1510,LAKE COUNTY R-1,10,3,30,4,40,24,13,54.2,13,54.2,43,29,67.4,29,67.4,3,1,33.3,1,33.3,0,0,0,0,0,0,0,0,0,0,8,8,100,8,100,88,54,55,1,0.61,0.63
PROWERS,2660,LAMAR RE-2,7,6,85.7,6,85.7,4,2,50,2,50,82,47,57.3,51,62.2,6,3,50,3,50,66,37,56.1,39,59.1,0,0,0,0,0,11,11,100,11,100,176,106,112,1,0.6,0.64
BENT,290,LAS ANIMAS RE-1,10,5,50,5,50,0,0,0,0,0,25,18,72,18,72,0,0,0,0,0,15,11,73.3,11,73.3,0,0,0,0,0,3,3,100,3,100,53,37,37,1,0.7,0.7
EL PASO,1080,LEWIS-PALMER 38,33,16,48.5,16,48.5,11,11,100,11,100,51,40,78.4,40,78.4,0,0,0,0,0,2,1,50,1,50,1,1,100,1,100,85,82,96.5,84,98.8,183,151,153,1,0.83,0.84
YUMA,3230,LIBERTY J-4,1,1,100,1,100,0,0,0,0,0,3,3,100,3,100,0,0,0,0,0,0,0,0,0,0,0,0,0,0,0,1,1,100,1,100,5,5,5,1,1,1
LINCOLN,1790,LIMON RE-4J,8,6,75,6,75,1,1,100,1,100,22,18,81.8,18,81.8,0,0,0,0,0,3,2,66.7,2,66.7,1,1,100,1,100,1,1,100,1,100,36,29,29,1,0.81,0.81
ARAPAHOE,140,LITTLETON 6,116,76,65.5,77,66.4,56,35,62.5,36,64.3,247,181,73.3,190,76.9,2,2,100,2,100,18,13,72.2,14,77.8,19,10,52.6,12,63.2,320,316,98.8,317,99.1,778,633,648,1,0.81,0.83
WASHINGTON,3060,LONE STAR 101,3,1,33.3,1,33.3,0,0,0,0,0,6,5,83.3,5,83.3,0,0,0,0,0,1,1,100,1,100,0,0,0,0,0,0,0,0,0,0,10,7,7,1,0.7,0.7
MONTEZUMA,2070,MANCOS RE-6,2,2,100,2,100,1,1,100,1,100,13,12,92.3,13,100,0,0,0,0,0,0,0,0,0,0,2,2,100,2,100,3,3,100,3,100,21,20,21,1,0.95,1
EL PASO,1030,MANITOU SPRINGS 14,5,5,100,5,100,0,0,0,0,0,44,37,84.1,41,93.2,0,0,0,0,0,1,1,100,1,100,0,0,0,0,0,11,11,100,11,100,61,54,58,1,0.89,0.95
OTERO,2535,MANZANOLA 3J,1,1,100,1,100,3,3,100,3,100,11,10,90.9,10,90.9,0,0,0,0,0,0,0,0,0,0,0,0,0,0,0,1,1,100,1,100,16,15,15,1,0.94,0.94
ADAMS,10,MAPLETON 1,49,18,36.7,19,38.8,219,73,33.3,76,34.7,374,142,38,154,41.2,8,5,62.5,5,62.5,218,118,54.1,124,56.9,41,12,29.3,16,39,44,27,61.4,27,61.4,953,395,421,1,0.41,0.44
BENT,310,MC CLAVE RE-2,1,1,100,1,100,2,2,100,2,100,14,13,92.9,13,92.9,1,1,100,1,100,2,2,100,2,100,0,0,0,0,0,3,3,100,3,100,23,22,22,1,0.96,0.96
RIO BLANCO,2710,MEEKER RE1,2,2,100,2,100,1,1,100,1,100,9,8,88.9,8,88.9,0,0,0,0,0,1,0,0,0,0,0,0,0,0,0,6,6,100,6,100,19,17,17,1,0.89,0.89
MESA,2000,MESA COUNTY VALLEY 51,192,111,57.8,114,59.4,100,64,64,66,66,538,365,67.8,379,70.4,16,10,62.5,10,62.5,9,4,44.4,5,55.6,65,34,52.3,38,58.5,133,129,97,129,97,1053,717,741,1,0.68,0.7
EL PASO,1130,MIAMI/YODER 60 JT,2,1,50,1,50,0,0,0,0,0,10,9,90,9,90,0,0,0,0,0,1,1,100,1,100,0,0,0,0,0,0,0,0,0,0,13,11,11,1,0.85,0.85
SAGUACHE,2800,MOFFAT 2,2,2,100,2,100,0,0,0,0,0,14,12,85.7,12,85.7,0,0,0,0,0,13,12,92.3,12,92.3,4,3,75,3,75,1,1,100,1,100,34,30,30,1,0.88,0.88
MOFFAT,2020,MOFFAT COUNTY RE:NO 1,10,8,80,8,80,4,3,75,3,75,68,44,64.7,46,67.6,0,0,0,0,0,0,0,0,0,0,8,2,25,2,25,2,2,100,2,100,92,59,61,1,0.64,0.66
RIO GRANDE,2740,MONTE VISTA C-8,6,2,33.3,2,33.3,7,5,71.4,5,71.4,74,45,60.8,55,74.3,6,3,50,4,66.7,2,2,100,2,100,3,1,33.3,2,66.7,2,2,100,2,100,100,60,72,1,0.6,0.72
MONTEZUMA,2035,MONTEZUMA-CORTEZ RE-1,27,11,40.7,11,40.7,41,14,34.1,14,34.1,132,55,41.7,59,44.7,0,0,0,0,0,0,0,0,0,0,1,0,0,0,0,13,12,92.3,12,92.3,214,92,96,1,0.43,0.45
MONTROSE,2180,MONTROSE COUNTY RE-1J,31,13,41.9,13,41.9,54,33,61.1,33,61.1,266,187,70.3,190,71.4,9,1,11.1,2,22.2,6,1,16.7,1,16.7,19,11,57.9,11,57.9,49,47,95.9,49,100,434,293,299,1,0.68,0.69
COLORADO BOCS,9030,MOUNTAIN BOCES,19,14,73.7,16,84.2,17,10,58.8,12,70.6,56,35,62.5,43,76.8,1,1,100,1,100,1,1,100,1,100,14,9,64.3,10,71.4,2,1,50,1,50,110,71,84,1,0.65,0.76
SAGUACHE,2790,MOUNTAIN VALLEY RE 1,1,1,100,1,100,0,0,0,0,0,8,7,87.5,7,87.5,0,0,0,0,0,1,1,100,1,100,1,1,100,1,100,0,0,0,0,0,11,10,10,1,0.91,0.91
CONEJOS,550,NORTH CONEJOS RE-1J,11,11,100,11,100,1,1,100,1,100,64,57,89.1,57,89.1,0,0,0,0,0,69,63,91.3,63,91.3,0,0,0,0,0,0,0,0,0,0,145,132,132,1,0.91,0.91
JACKSON,1410,NORTH PARK R-1 ,2,1,50,1,50,1,1,100,1,100,8,6,75,6,75,0,0,0,0,0,13,12,92.3,12,92.3,0,0,0,0,0,2,2,100,2,100,26,22,22,1,0.85,0.85
SAN MIGUEL,2840,NORWOOD R-2J,0,0,0,0,0,1,1,100,1,100,5,5,100,5,100,0,0,0,0,0,0,0,0,0,0,0,0,0,0,0,0,0,0,0,0,6,6,6,1,1,1
WASHINGTON,3050,OTIS R-3,0,0,0,0,0,0,0,0,0,0,6,6,100,6,100,0,0,0,0,0,0,0,0,0,0,0,0,0,0,0,6,6,100,6,100,12,12,12,1,1,1
OURAY,2580,OURAY R-1,5,4,80,4,80,3,1,33.3,1,33.3,11,8,72.7,8,72.7,0,0,0,0,0,1,0,0,0,0,0,0,0,0,0,0,0,0,0,0,20,13,13,1,0.65,0.65
LARIMER,1570,PARK (ESTES PARK) R-3,8,4,50,4,50,6,3,50,3,50,26,18,69.2,18,69.2,1,0,0,0,0,1,0,0,0,0,5,3,60,3,60,21,21,100,21,100,68,49,49,1,0.72,0.72
PARK,2610,PARK COUNTY RE-2,3,1,33.3,1,33.3,1,0,0,0,0,13,7,53.8,8,61.5,0,0,0,0,0,0,0,0,0,0,0,0,0,0,0,2,2,100,2,100,19,10,11,1,0.53,0.58
WELD,3148,PAWNEE RE-12,0,0,0,0,0,0,0,0,0,0,2,2,100,2,100,0,0,0,0,0,9,9,100,9,100,0,0,0,0,0,1,1,100,1,100,12,12,12,1,1,1
EL PASO,1060,PEYTON 23 JT,4,4,100,4,100,0,0,0,0,0,17,17,100,17,100,0,0,0,0,0,0,0,0,0,0,0,0,0,0,0,2,2,100,2,100,23,23,23,1,1,1
KIOWA,1440,PLAINVIEW RE-2,0,0,0,0,0,0,0,0,0,0,1,0,0,1,100,0,0,0,0,0,0,0,0,0,0,0,0,0,0,0,1,1,100,1,100,2,1,2,1,0.5,1
LOGAN,1870,PLATEAU RE-5,0,0,0,0,0,0,0,0,0,0,4,4,100,4,100,0,0,0,0,0,2,2,100,2,100,0,0,0,0,0,1,1,100,1,100,7,7,7,1,1,1
MESA,1990,PLATEAU VALLEY 50,23,5,21.7,5,21.7,5,0,0,0,0,67,17,25.4,29,43.3,0,0,0,0,0,18,7,38.9,9,50,3,0,0,0,0,2,1,50,2,100,118,30,45,1,0.25,0.38
PARK,2600,PLATTE CANYON 1,12,8,66.7,8,66.7,0,0,0,0,0,30,20,66.7,21,70,0,0,0,0,0,1,0,0,0,0,1,0,0,0,0,9,7,77.8,7,77.8,53,35,36,1,0.66,0.68
SEDGWICK,2865,PLATTE VALLEY RE-3,0,0,0,0,0,0,0,0,0,0,3,3,100,3,100,0,0,0,0,0,0,0,0,0,0,0,0,0,0,0,0,0,0,0,0,3,3,3,1,1,1
WELD,3130,PLATTE VALLEY RE-7,6,5,83.3,5,83.3,6,5,83.3,5,83.3,48,40,83.3,41,85.4,3,2,66.7,2,66.7,0,0,0,0,0,4,2,50,3,75,5,5,100,5,100,72,59,61,1,0.82,0.85
LARIMER,1550,POUDRE R-1,190,110,57.9,114,60,121,88,72.7,88,72.7,617,448,72.6,469,76,4,3,75,3,75,5,1,20,1,20,113,77,68.1,81,71.7,274,268,97.8,270,98.5,1324,995,1026,1,0.75,0.77
WELD,3147,PRAIRIE RE-11,1,1,100,1,100,0,0,0,0,0,6,6,100,6,100,0,0,0,0,0,0,0,0,0,0,0,0,0,0,0,2,2,100,2,100,9,9,9,1,1,1
LAS ANIMAS,1590,PRIMERO REORGANIZED 2,0,0,0,0,0,1,1,100,1,100,5,3,60,3,60,0,0,0,0,0,0,0,0,0,0,0,0,0,0,0,2,2,100,2,100,8,6,6,1,0.75,0.75
BACA,240,PRITCHETT RE-3,0,0,0,0,0,0,0,0,0,0,4,3,75,4,100,0,0,0,0,0,6,5,83.3,6,100,0,0,0,0,0,2,2,100,2,100,12,10,12,1,0.83,1
PUEBLO,2690,PUEBLO CITY 60,127,36,28.3,38,29.9,72,43,59.7,44,61.1,876,490,55.9,538,61.4,4,3,75,3,75,65,6,9.2,16,24.6,119,60,50.4,67,56.3,139,125,89.9,128,92.1,1402,763,834,1,0.54,0.59
PUEBLO,20,PUEBLO COUNTY 70,44,27,61.4,29,65.9,11,4,36.4,6,54.5,287,218,76,238,82.9,4,3,75,3,75,10,3,30,6,60,9,4,44.4,5,55.6,84,78,92.9,82,97.6,449,337,369,1,0.75,0.82
RIO BLANCO,2720,RANGELY RE-4,3,3,100,3,100,1,1,100,1,100,6,5,83.3,5,83.3,0,0,0,0,0,0,0,0,0,0,0,0,0,0,0,0,0,0,0,0,10,9,9,1,0.9,0.9
OURAY,2590,RIDGWAY R-2,3,1,33.3,2,66.7,0,0,0,0,0,6,4,66.7,5,83.3,0,0,0,0,0,0,0,0,0,0,0,0,0,0,0,2,2,100,2,100,11,7,9,1,0.64,0.82
GARFIELD,1180,ROARING FORK RE-1,34,27,79.4,28,82.4,69,40,58,40,58,101,73,72.3,73,72.3,1,1,100,1,100,0,0,0,0,0,0,0,0,0,0,39,39,100,39,100,244,180,181,1,0.74,0.74
OTERO,2530,ROCKY FORD R-2,5,3,60,3,60,2,1,50,2,100,41,28,68.3,34,82.9,1,1,100,1,100,3,2,66.7,3,100,2,0,0,1,50,2,2,100,2,100,56,37,46,1,0.66,0.82
CHAFFEE,500,SALIDA R-32,9,6,66.7,6,66.7,5,5,100,5,100,25,19,76,19,76,0,0,0,0,0,69,61,88.4,62,89.9,2,1,50,1,50,11,11,100,11,100,121,103,104,1,0.85,0.86
COLORADO BOCS,9050,SAN JUAN BOCES,1,0,0,0,0,1,1,100,1,100,4,1,25,3,75,0,0,0,0,0,0,0,0,0,0,0,0,0,0,0,1,0,0,1,100,7,2,5,1,0.29,0.71
CONEJOS,560,SANFORD 6J,3,1,33.3,2,66.7,0,0,0,0,0,10,7,70,8,80,0,0,0,0,0,1,1,100,1,100,1,0,0,0,0,5,5,100,5,100,20,14,16,1,0.7,0.8
ALAMOSA,110,SANGRE DE CRISTO RE-22J,1,1,100,1,100,0,0,0,0,0,12,9,75,10,83.3,0,0,0,0,0,23,21,91.3,22,95.7,0,0,0,0,0,0,0,0,0,0,36,31,33,1,0.86,0.92
RIO GRANDE,2750,SARGENT RE-33J,0,0,0,0,0,0,0,0,0,0,15,13,86.7,15,100,0,0,0,0,0,0,0,0,0,0,0,0,0,0,0,4,3,75,4,100,19,16,19,1,0.84,1
ARAPAHOE,123,SHERIDAN 2,18,6,33.3,6,33.3,51,11,21.6,11,21.6,131,41,31.3,43,32.8,2,0,0,0,0,140,46,32.9,48,34.3,29,9,31,10,34.5,14,6,42.9,7,50,385,119,125,1,0.31,0.32
COSTILLA,740,SIERRA GRANDE R-30,0,0,0,0,0,7,7,100,7,100,16,14,87.5,14,87.5,1,1,100,1,100,1,0,0,0,0,1,0,0,0,0,3,3,100,3,100,29,25,25,1,0.86,0.86
SAN JUAN,2820,SILVERTON 1,0,0,0,0,0,1,1,100,1,100,2,2,100,2,100,0,0,0,0,0,1,1,100,1,100,1,1,100,1,100,0,0,0,0,0,5,5,5,1,1,1
CONEJOS,580,SOUTH CONEJOS RE-10,1,1,100,1,100,2,1,50,1,50,18,14,77.8,14,77.8,1,0,0,0,0,22,18,81.8,18,81.8,0,0,0,0,0,1,1,100,1,100,45,35,35,1,0.78,0.78
ROUTT,2780,SOUTH ROUTT RE 3,4,4,100,4,100,0,0,0,0,0,12,12,100,12,100,0,0,0,0,0,0,0,0,0,0,0,0,0,0,0,0,0,0,0,0,16,16,16,1,1,1
BACA,250,SPRINGFIELD RE-4,1,1,100,1,100,1,1,100,1,100,15,13,86.7,14,93.3,0,0,0,0,0,22,20,90.9,21,95.5,0,0,0,0,0,1,1,100,1,100,40,36,38,1,0.9,0.95
BOULDER,470,ST VRAIN VALLEY RE 1J,118,61,51.7,63,53.4,171,110,64.3,112,65.5,587,403,68.7,412,70.2,10,7,70,7,70,5,1,20,1,20,87,54,62.1,56,64.4,171,170,99.4,170,99.4,1149,806,821,1,0.7,0.71
,9999,STATE TOTAL,5775,3099,53.7,3222,55.8,6171,3289,53.3,3364,54.5,25718,15791,61.4,16726,65,384,214,55.7,223,58.1,7398,3853,52.1,4129,55.8,2394,1175,49.1,1262,52.7,6604,6048,91.6,6156,93.2,54444,33469,35082,1,0.61,0.64
,9999,STATE TOTAL,5775,3099,53.7,3222,55.8,6171,3289,53.3,3364,54.5,25718,15791,61.4,16726,65,384,214,55.7,223,58.1,7398,3853,52.1,4129,55.8,2394,1175,49.1,1262,52.7,6604,6048,91.6,6156,93.2,54444,33469,35082,1,0.61,0.64
ROUTT,2770,STEAMBOAT SPRINGS RE-2,22,11,50,11,50,9,5,55.6,5,55.6,24,15,62.5,15,62.5,0,0,0,0,0,0,0,0,0,0,0,0,0,0,0,30,29,96.7,30,100,85,60,61,1,0.71,0.72
ADAMS,60,STRASBURG 31J,14,12,85.7,12,85.7,5,3,60,3,60,45,36,80,36,80,0,0,0,0,0,3,3,100,3,100,0,0,0,0,0,5,4,80,4,80,72,58,58,1,0.81,0.81
KIT CARSON,1480,STRATTON R-4,4,3,75,4,100,1,1,100,1,100,10,9,90,10,100,1,1,100,1,100,0,0,0,0,0,0,0,0,0,0,6,6,100,6,100,22,20,22,1,0.91,1
SUMMIT,3000,SUMMIT RE-1,27,17,63,17,63,45,27,60,28,62.2,74,50,67.6,53,71.6,2,2,100,2,100,2,0,0,0,0,2,0,0,0,0,33,33,100,33,100,185,129,133,1,0.7,0.72
OTERO,2570,SWINK 33,2,2,100,2,100,0,0,0,0,0,15,15,100,15,100,0,0,0,0,0,0,0,0,0,0,0,0,0,0,0,0,0,0,0,0,17,17,17,1,1,1
SAN MIGUEL,2830,TELLURIDE R-1,5,2,40,4,80,4,2,50,2,50,5,3,60,3,60,0,0,0,0,0,0,0,0,0,0,0,0,0,0,0,5,5,100,5,100,19,12,14,1,0.63,0.74
BOULDER,1560,THOMPSON R2-J,118,61,51.7,64,54.2,23,10,43.5,10,43.5,407,249,61.2,276,67.8,2,1,50,1,50,4,2,50,2,50,33,15,45.5,18,54.5,128,121,94.5,124,96.9,715,459,495,1,0.64,0.69
LAS ANIMAS,1580,TRINIDAD 1,12,9,75,10,83.3,1,1,100,1,100,79,66,83.5,70,88.6,0,0,0,0,0,2,1,50,1,50,0,0,0,0,0,3,3,100,3,100,97,80,85,1,0.82,0.88
LOGAN,1828,VALLEY RE-1,22,12,54.5,14,63.6,3,2,66.7,2,66.7,87,56,64.4,61,70.1,3,2,66.7,2,66.7,2,1,50,1,50,4,2,50,3,75,27,25,92.6,25,92.6,148,100,108,1,0.68,0.73
BACA,260,VILAS RE-5,7,3,42.9,3,42.9,1,1,100,1,100,53,10,18.9,18,34,1,0,0,0,0,9,2,22.2,3,33.3,0,0,0,0,0,1,1,100,1,100,72,17,26,1,0.24,0.36
BACA,230,WALSH RE-1,0,0,0,0,0,0,0,0,0,0,7,7,100,7,100,0,0,0,0,0,0,0,0,0,0,0,0,0,0,0,1,1,100,1,100,8,8,8,1,1,1
WELD,3080,WELD COUNTY RE-1,14,10,71.4,11,78.6,15,9,60,9,60,54,38,70.4,40,74.1,4,2,50,2,50,0,0,0,0,0,0,0,0,0,0,11,11,100,11,100,98,70,73,1,0.71,0.74
WELD,3140,WELD COUNTY S/D RE-8,18,8,44.4,9,50,53,43,81.1,44,83,104,76,73.1,82,78.8,15,10,66.7,12,80,3,0,0,0,0,7,4,57.1,4,57.1,3,3,100,3,100,203,144,154,1,0.71,0.76
MORGAN,2505,WELDON VALLEY RE-20(J),1,1,100,1,100,0,0,0,0,0,6,6,100,6,100,0,0,0,0,0,2,2,100,2,100,0,0,0,0,0,1,1,100,1,100,10,10,10,1,1,1
MONTROSE,2190,WEST END RE-2,1,1,100,1,100,0,0,0,0,0,5,3,60,3,60,0,0,0,0,0,0,0,0,0,0,0,0,0,0,0,1,1,100,1,100,7,5,5,1,0.71,0.71
GRAND,1340,WEST GRAND 1-JT.,1,1,100,1,100,0,0,0,0,0,5,5,100,5,100,0,0,0,0,0,0,0,0,0,0,0,0,0,0,0,1,1,100,1,100,7,7,7,1,1,1
ADAMS,70,WESTMINSTER 50,65,26,40,27,41.5,238,147,61.8,147,61.8,452,270,59.7,278,61.5,7,6,85.7,6,85.7,50,21,42,22,44,73,43,58.9,45,61.6,20,14,70,14,70,905,527,539,1,0.58,0.6
EL PASO,990,WIDEFIELD 3,81,41,50.6,43,53.1,9,6,66.7,6,66.7,257,183,71.2,190,73.9,0,0,0,0,0,9,4,44.4,5,55.6,24,13,54.2,14,58.3,14,12,85.7,12,85.7,394,259,270,1,0.66,0.69
MORGAN,2515,WIGGINS RE-50(J),1,1,100,1,100,5,1,20,1,20,28,19,67.9,19,67.9,3,1,33.3,1,33.3,43,34,79.1,34,79.1,6,4,66.7,4,66.7,3,3,100,3,100,89,63,63,1,0.71,0.71
PROWERS,2680,WILEY RE-13 JT,0,0,0,0,0,0,0,0,0,0,11,7,63.6,7,63.6,0,0,0,0,0,1,0,0,0,0,0,0,0,0,0,0,0,0,0,0,12,7,7,1,0.58,0.58
WELD,3100,WINDSOR RE-4,23,15,65.2,15,65.2,4,2,50,2,50,57,45,78.9,47,82.5,0,0,0,0,0,0,0,0,0,0,5,2,40,2,40,34,33,97.1,34,100,123,97,100,1,0.79,0.81
TELLER,3020,WOODLAND PARK RE-2,15,13,86.7,14,93.3,3,2,66.7,2,66.7,61,47,77,53,86.9,0,0,0,0,0,0,0,0,0,0,1,0,0,1,100,10,10,100,10,100,90,72,80,1,0.8,0.89
WASHINGTON,3070,WOODLIN R-104,0,0,0,0,0,1,1,100,1,100,3,3,100,3,100,0,0,0,0,0,6,6,100,6,100,0,0,0,0,0,1,1,100,1,100,11,11,11,1,1,1
YUMA,3210,WRAY RD-2,6,5,83.3,5,83.3,4,3,75,3,75,19,16,84.2,16,84.2,0,0,0,0,0,0,0,0,0,0,0,0,0,0,0,4,4,100,4,100,33,28,28,1,0.85,0.85
YUMA,3200,YUMA 1,1,0,0,0,0,15,12,80,12,80,30,25,83.3,26,86.7,2,1,50,1,50,11,8,72.7,8,72.7,4,1,25,1,25,5,5,100,5,100,68,52,53,1,0.76,0.78